DATE ADDED TO CATALOG	PUBMEDID	FIRST AUTHOR	DATE	JOURNAL	LINK	STUDY	DISEASE/TRAIT	INITIAL SAMPLE SIZE	REPLICATION SAMPLE SIZE	REGION	CHR_ID	CHR_POS	REPORTED GENE(S)	MAPPED_GENE	UPSTREAM_GENE_ID	DOWNSTREAM_GENE_ID	SNP_GENE_IDS	UPSTREAM_GENE_DISTANCE	DOWNSTREAM_GENE_DISTANCE	STRONGEST SNP-RISK ALLELE	SNPS	MERGED	SNP_ID_CURRENT	CONTEXT	INTERGENIC	RISK ALLELE FREQUENCY	P-VALUE	PVALUE_MLOG	P-VALUE (TEXT)	OR or BETA	95% CI (TEXT)	PLATFORM [SNPS PASSING QC]	CNV	MAPPED_TRAIT	MAPPED_TRAIT_URI	STUDY ACCESSION	GENOTYPING TECHNOLOGY
2018-05-14	22961000	Liu JZ	2012-10-01	Nat Genet	www.ncbi.nlm.nih.gov/pubmed/22961000	Dense fine-mapping study identifies new susceptibility loci for primary biliary cirrhosis.	Primary biliary cirrhosis	2,861 British and Irish ancestry cases, 8,514 British and Irish ancestry controls	NA	2q32.2	2;2	191099907;191078546	STAT1, STAT4	STAT4; STAT4						rs7574865-C; rs3024921-A	rs7574865; rs3024921	0		intron_variant; intron_variant		0.06	5E-18	17.30102999566398		1.61		Illumina [237619] (imputed)	N	primary biliary cirrhosis	http://www.ebi.ac.uk/efo/EFO_1001486	GCST005581	Targeted genotyping array [ImmunoChip]
2018-05-14	22961000	Liu JZ	2012-10-01	Nat Genet	www.ncbi.nlm.nih.gov/pubmed/22961000	Dense fine-mapping study identifies new susceptibility loci for primary biliary cirrhosis.	Primary biliary cirrhosis	2,861 British and Irish ancestry cases, 8,514 British and Irish ancestry controls	NA	2q32.2	2;2	191099907;191078546	STAT1, STAT4	STAT4; STAT4						rs7574865-A; rs3024921-T	rs7574865; rs3024921	0		intron_variant; intron_variant		0.22	3E-9	8.522878745280337		1.23		Illumina [237619] (imputed)	N	primary biliary cirrhosis	http://www.ebi.ac.uk/efo/EFO_1001486	GCST005581	Targeted genotyping array [ImmunoChip]
2018-05-14	22961000	Liu JZ	2012-10-01	Nat Genet	www.ncbi.nlm.nih.gov/pubmed/22961000	Dense fine-mapping study identifies new susceptibility loci for primary biliary cirrhosis.	Primary biliary cirrhosis	2,861 British and Irish ancestry cases, 8,514 British and Irish ancestry controls	NA	2q32.2	2;2	191099907;191078546	STAT4, STAT1	STAT4; STAT4						rs7574865-C; rs3024921-T	rs7574865; rs3024921	0		intron_variant; intron_variant		0.72	9E-25	24.045757490560675		0.72		Illumina [237619] (imputed)	N	primary biliary cirrhosis	http://www.ebi.ac.uk/efo/EFO_1001486	GCST005581	Targeted genotyping array [ImmunoChip]
2018-05-14	22961000	Liu JZ	2012-10-01	Nat Genet	www.ncbi.nlm.nih.gov/pubmed/22961000	Dense fine-mapping study identifies new susceptibility loci for primary biliary cirrhosis.	Primary biliary cirrhosis	2,861 British and Irish ancestry cases, 8,514 British and Irish ancestry controls	NA	3q25.33	3;3;3;3	160018698;159907604;159997764;159921870	IL12A	LINC01100; IL12A-AS1; IL12A-AS1; IL12A-AS1; IL12A-AS1						rs2366643-G; rs80014155-G; rs668998-A; rs62270414-A	rs2366643; rs80014155; rs668998; rs62270414	0		intron_variant; intron_variant; non_coding_transcript_exon_variant; intron_variant		0.3	3E-35	34.52287874528034		0.62		Illumina [237619] (imputed)	N	primary biliary cirrhosis	http://www.ebi.ac.uk/efo/EFO_1001486	GCST005581	Targeted genotyping array [ImmunoChip]
2018-05-14	22961000	Liu JZ	2012-10-01	Nat Genet	www.ncbi.nlm.nih.gov/pubmed/22961000	Dense fine-mapping study identifies new susceptibility loci for primary biliary cirrhosis.	Primary biliary cirrhosis	2,861 British and Irish ancestry cases, 8,514 British and Irish ancestry controls	NA	3q25.33	3;3;3;3	160018698;159907604;159997764;159921870	IL12A	LINC01100; IL12A-AS1; IL12A-AS1; IL12A-AS1; IL12A-AS1						rs2366643-A; rs80014155-G; rs668998-G; rs62270414-G	rs2366643; rs80014155; rs668998; rs62270414	0		intron_variant; intron_variant; non_coding_transcript_exon_variant; intron_variant		0.01	5E-6	5.301029995663981		2.53		Illumina [237619] (imputed)	N	primary biliary cirrhosis	http://www.ebi.ac.uk/efo/EFO_1001486	GCST005581	Targeted genotyping array [ImmunoChip]
2018-05-14	22961000	Liu JZ	2012-10-01	Nat Genet	www.ncbi.nlm.nih.gov/pubmed/22961000	Dense fine-mapping study identifies new susceptibility loci for primary biliary cirrhosis.	Primary biliary cirrhosis	2,861 British and Irish ancestry cases, 8,514 British and Irish ancestry controls	NA	3q25.33	3;3;3;3	160018698;159907604;159997764;159921870	IL12A	LINC01100; IL12A-AS1; IL12A-AS1; IL12A-AS1; IL12A-AS1						rs2366643-A; rs80014155-G; rs668998-A; rs62270414-G	rs2366643; rs80014155; rs668998; rs62270414	0		intron_variant; intron_variant; non_coding_transcript_exon_variant; intron_variant		0.05	5E-10	9.301029995663981		1.52		Illumina [237619] (imputed)	N	primary biliary cirrhosis	http://www.ebi.ac.uk/efo/EFO_1001486	GCST005581	Targeted genotyping array [ImmunoChip]
2018-05-14	22961000	Liu JZ	2012-10-01	Nat Genet	www.ncbi.nlm.nih.gov/pubmed/22961000	Dense fine-mapping study identifies new susceptibility loci for primary biliary cirrhosis.	Primary biliary cirrhosis	2,861 British and Irish ancestry cases, 8,514 British and Irish ancestry controls	NA	3q25.33	3;3;3;3	160018698;159907604;159997764;159921870	IL12A	LINC01100; IL12A-AS1; IL12A-AS1; IL12A-AS1; IL12A-AS1						rs2366643-A; rs80014155-A; rs668998-A; rs62270414-A	rs2366643; rs80014155; rs668998; rs62270414	0		intron_variant; intron_variant; non_coding_transcript_exon_variant; intron_variant		0.0	2E-9	8.698970004336019		3.22		Illumina [237619] (imputed)	N	primary biliary cirrhosis	http://www.ebi.ac.uk/efo/EFO_1001486	GCST005581	Targeted genotyping array [ImmunoChip]
2018-05-14	22961000	Liu JZ	2012-10-01	Nat Genet	www.ncbi.nlm.nih.gov/pubmed/22961000	Dense fine-mapping study identifies new susceptibility loci for primary biliary cirrhosis.	Primary biliary cirrhosis	2,861 British and Irish ancestry cases, 8,514 British and Irish ancestry controls	NA	3q25.33	3;3;3;3	160018698;159907604;159997764;159921870	IL12A	LINC01100; IL12A-AS1; IL12A-AS1; IL12A-AS1; IL12A-AS1						rs2366643-A; rs80014155-G; rs668998-G; rs62270414-A	rs2366643; rs80014155; rs668998; rs62270414	0		intron_variant; intron_variant; non_coding_transcript_exon_variant; intron_variant		0.38	2E-14	13.698970004336019		1.28		Illumina [237619] (imputed)	N	primary biliary cirrhosis	http://www.ebi.ac.uk/efo/EFO_1001486	GCST005581	Targeted genotyping array [ImmunoChip]
2018-05-14	22961000	Liu JZ	2012-10-01	Nat Genet	www.ncbi.nlm.nih.gov/pubmed/22961000	Dense fine-mapping study identifies new susceptibility loci for primary biliary cirrhosis.	Primary biliary cirrhosis	2,861 British and Irish ancestry cases, 8,514 British and Irish ancestry controls	NA	7q32.1	7;7	128939148;129043485	IRF5, TNP03	IRF5; TNPO3						rs3807307-G; rs35188261-A	rs3807307; rs35188261	0		intron_variant; intron_variant		0.11	7E-22	21.154901959985743		1.52		Illumina [237619] (imputed)	N	primary biliary cirrhosis	http://www.ebi.ac.uk/efo/EFO_1001486	GCST005581	Targeted genotyping array [ImmunoChip]
2018-05-14	22961000	Liu JZ	2012-10-01	Nat Genet	www.ncbi.nlm.nih.gov/pubmed/22961000	Dense fine-mapping study identifies new susceptibility loci for primary biliary cirrhosis.	Primary biliary cirrhosis	2,861 British and Irish ancestry cases, 8,514 British and Irish ancestry controls	NA	7q32.1	7;7	128939148;129043485	IRF5, TNP03	IRF5; TNPO3						rs3807307-A; rs35188261-G	rs3807307; rs35188261	0		intron_variant; intron_variant		0.53	3E-19	18.522878745280337		0.76		Illumina [237619] (imputed)	N	primary biliary cirrhosis	http://www.ebi.ac.uk/efo/EFO_1001486	GCST005581	Targeted genotyping array [ImmunoChip]
2018-05-14	22961000	Liu JZ	2012-10-01	Nat Genet	www.ncbi.nlm.nih.gov/pubmed/22961000	Dense fine-mapping study identifies new susceptibility loci for primary biliary cirrhosis.	Primary biliary cirrhosis	2,861 British and Irish ancestry cases, 8,514 British and Irish ancestry controls	NA	12p13.31	12;12	6330843;6383483	TNFRSF1A, LTBR, SCNN1A	TNFRSF1A; LTBR						rs1800693-G; rs11064157-A	rs1800693; rs11064157	0		non_coding_transcript_exon_variant; intron_variant		0.09	2E-16	15.698970004336019		1.58		Illumina [237619] (imputed)	N	primary biliary cirrhosis	http://www.ebi.ac.uk/efo/EFO_1001486	GCST005581	Targeted genotyping array [ImmunoChip]
2018-05-14	22961000	Liu JZ	2012-10-01	Nat Genet	www.ncbi.nlm.nih.gov/pubmed/22961000	Dense fine-mapping study identifies new susceptibility loci for primary biliary cirrhosis.	Primary biliary cirrhosis	2,861 British and Irish ancestry cases, 8,514 British and Irish ancestry controls	NA	12p13.31	12;12	6330843;6383483	TNFRSF1A, LTBR, SCNN1A	TNFRSF1A; LTBR						rs1800693-A; rs11064157-C	rs1800693; rs11064157	0		non_coding_transcript_exon_variant; intron_variant		0.45	7E-19	18.154901959985743		0.74		Illumina [237619] (imputed)	N	primary biliary cirrhosis	http://www.ebi.ac.uk/efo/EFO_1001486	GCST005581	Targeted genotyping array [ImmunoChip]
2018-05-14	22961000	Liu JZ	2012-10-01	Nat Genet	www.ncbi.nlm.nih.gov/pubmed/22961000	Dense fine-mapping study identifies new susceptibility loci for primary biliary cirrhosis.	Primary biliary cirrhosis	2,861 British and Irish ancestry cases, 8,514 British and Irish ancestry controls	NA	16p13.13	16;16;16	11279940;11083967;11265823	CLEC16A, PRM1, PRM2, SOCS1	RMI2; CLEC16A; RMI2						rs80073729-G; rs12708715-A; rs1646019-A	rs80073729; rs12708715; rs1646019	0		intron_variant; intron_variant; intron_variant		0.1	6E-20	19.221848749616356		0.51		Illumina [237619] (imputed)	N	primary biliary cirrhosis	http://www.ebi.ac.uk/efo/EFO_1001486	GCST005581	Targeted genotyping array [ImmunoChip]
2018-05-14	22961000	Liu JZ	2012-10-01	Nat Genet	www.ncbi.nlm.nih.gov/pubmed/22961000	Dense fine-mapping study identifies new susceptibility loci for primary biliary cirrhosis.	Primary biliary cirrhosis	2,861 British and Irish ancestry cases, 8,514 British and Irish ancestry controls	NA	16p13.13	16;16;16	11279940;11083967;11265823	SOCS1, CLEC16A, PRM1, PRM2	RMI2; CLEC16A; RMI2						rs80073729-G; rs12708715-G; rs1646019-G	rs80073729; rs12708715; rs1646019	0		intron_variant; intron_variant; intron_variant		0.48	2E-23	22.69897000433602		1.38		Illumina [237619] (imputed)	N	primary biliary cirrhosis	http://www.ebi.ac.uk/efo/EFO_1001486	GCST005581	Targeted genotyping array [ImmunoChip]
2018-05-14	22961000	Liu JZ	2012-10-01	Nat Genet	www.ncbi.nlm.nih.gov/pubmed/22961000	Dense fine-mapping study identifies new susceptibility loci for primary biliary cirrhosis.	Primary biliary cirrhosis	2,861 British and Irish ancestry cases, 8,514 British and Irish ancestry controls	NA	6p21.32	6	32689801	HLA	HLA-DQB1 - MTCO3P1	ENSG00000231286	ENSG00000237145		21418	16323	rs7774434-C	rs7774434	0	7774434	TF_binding_site_variant	1	0.38	1E-48	48.0		1.57		Illumina [237619] (imputed)	N	primary biliary cirrhosis	http://www.ebi.ac.uk/efo/EFO_1001486	GCST005581	Targeted genotyping array [ImmunoChip]
2018-05-14	22961000	Liu JZ	2012-10-01	Nat Genet	www.ncbi.nlm.nih.gov/pubmed/22961000	Dense fine-mapping study identifies new susceptibility loci for primary biliary cirrhosis.	Primary biliary cirrhosis	2,861 British and Irish ancestry cases, 8,514 British and Irish ancestry controls	NA	7p14.1	7	37333575	ELMO1	ELMO1			ENSG00000155849			rs73112661-G	rs73112661	0	73112661	intron_variant	0	0.17	2E-7	6.698970004336019		1.22		Illumina [237619] (imputed)	N	primary biliary cirrhosis	http://www.ebi.ac.uk/efo/EFO_1001486	GCST005581	Targeted genotyping array [ImmunoChip]
2018-05-14	22961000	Liu JZ	2012-10-01	Nat Genet	www.ncbi.nlm.nih.gov/pubmed/22961000	Dense fine-mapping study identifies new susceptibility loci for primary biliary cirrhosis.	Primary biliary cirrhosis	2,861 British and Irish ancestry cases, 8,514 British and Irish ancestry controls	NA	11q13.1	11	64329761	RPS6KA4	AP003774.2 - CCDC88B	ENSG00000236935	ENSG00000168071		257	10443	rs694739-A	rs694739	0	694739	regulatory_region_variant	1	0.61	2E-7	6.698970004336019		1.18		Illumina [237619] (imputed)	N	primary biliary cirrhosis	http://www.ebi.ac.uk/efo/EFO_1001486	GCST005581	Targeted genotyping array [ImmunoChip]
2018-05-14	22961000	Liu JZ	2012-10-01	Nat Genet	www.ncbi.nlm.nih.gov/pubmed/22961000	Dense fine-mapping study identifies new susceptibility loci for primary biliary cirrhosis.	Primary biliary cirrhosis	2,861 British and Irish ancestry cases, 8,514 British and Irish ancestry controls	NA	1p31.3	1	67332762	II12RB2	IL12RB2			ENSG00000081985			rs72678531-G	rs72678531	0	72678531	intron_variant	0	0.17	2E-38	37.69897000433602		1.61	[1.49-1.73]	Illumina [237619] (imputed)	N	primary biliary cirrhosis	http://www.ebi.ac.uk/efo/EFO_1001486	GCST005581	Targeted genotyping array [ImmunoChip]
2018-05-14	22961000	Liu JZ	2012-10-01	Nat Genet	www.ncbi.nlm.nih.gov/pubmed/22961000	Dense fine-mapping study identifies new susceptibility loci for primary biliary cirrhosis.	Primary biliary cirrhosis	2,861 British and Irish ancestry cases, 8,514 British and Irish ancestry controls	NA	1q31.3	1	197753110	DENND1B	DENND1B			ENSG00000213047			rs2488393-A	rs2488393	0	2488393	intron_variant	0	0.21	4E-12	11.397940008672037		1.28	[1.19-1.37]	Illumina [237619] (imputed)	N	primary biliary cirrhosis	http://www.ebi.ac.uk/efo/EFO_1001486	GCST005581	Targeted genotyping array [ImmunoChip]
2018-05-14	22961000	Liu JZ	2012-10-01	Nat Genet	www.ncbi.nlm.nih.gov/pubmed/22961000	Dense fine-mapping study identifies new susceptibility loci for primary biliary cirrhosis.	Primary biliary cirrhosis	2,861 British and Irish ancestry cases, 8,514 British and Irish ancestry controls	NA	2q32.2	2	191078546	STAT1, STAT4	STAT4			ENSG00000138378			rs3024921-A	rs3024921	0	3024921	intron_variant	0	0.06	3E-18	17.522878745280337		1.62	[1.45-1.80]	Illumina [237619] (imputed)	N	primary biliary cirrhosis	http://www.ebi.ac.uk/efo/EFO_1001486	GCST005581	Targeted genotyping array [ImmunoChip]
2018-05-14	22961000	Liu JZ	2012-10-01	Nat Genet	www.ncbi.nlm.nih.gov/pubmed/22961000	Dense fine-mapping study identifies new susceptibility loci for primary biliary cirrhosis.	Primary biliary cirrhosis	2,861 British and Irish ancestry cases, 8,514 British and Irish ancestry controls	NA	2q32.2	2	191099907	STAT1, STAT4	STAT4			ENSG00000138378			rs7574865-A	rs7574865	0	7574865	intron_variant	0	0.22	1E-13	13.0	(conditioned on rs3024921)	1.31	[1.22-1.40]	Illumina [237619] (imputed)	N	primary biliary cirrhosis	http://www.ebi.ac.uk/efo/EFO_1001486	GCST005581	Targeted genotyping array [ImmunoChip]
2018-05-14	22961000	Liu JZ	2012-10-01	Nat Genet	www.ncbi.nlm.nih.gov/pubmed/22961000	Dense fine-mapping study identifies new susceptibility loci for primary biliary cirrhosis.	Primary biliary cirrhosis	2,861 British and Irish ancestry cases, 8,514 British and Irish ancestry controls	NA	3q13.33	3	119501087	TMEM39A, POGLUT1, TIMMDC1, CD80	TIMMDC1			ENSG00000113845			rs2293370-G	rs2293370	0	2293370	intron_variant	0	0.8	7E-16	15.154901959985743		1.39	[1.29-1.52]	Illumina [237619] (imputed)	N	primary biliary cirrhosis	http://www.ebi.ac.uk/efo/EFO_1001486	GCST005581	Targeted genotyping array [ImmunoChip]
2018-05-14	22961000	Liu JZ	2012-10-01	Nat Genet	www.ncbi.nlm.nih.gov/pubmed/22961000	Dense fine-mapping study identifies new susceptibility loci for primary biliary cirrhosis.	Primary biliary cirrhosis	2,861 British and Irish ancestry cases, 8,514 British and Irish ancestry controls	NA	3q25.33	3	160018698	IL12A	LINC01100, IL12A-AS1			ENSG00000242107, ENSG00000244040			rs2366643-A	rs2366643	0	2366643	intron_variant	0	0.57	4E-22	21.397940008672037		1.35	[1.27-1.44]	Illumina [237619] (imputed)	N	primary biliary cirrhosis	http://www.ebi.ac.uk/efo/EFO_1001486	GCST005581	Targeted genotyping array [ImmunoChip]
2018-05-14	22961000	Liu JZ	2012-10-01	Nat Genet	www.ncbi.nlm.nih.gov/pubmed/22961000	Dense fine-mapping study identifies new susceptibility loci for primary biliary cirrhosis.	Primary biliary cirrhosis	2,861 British and Irish ancestry cases, 8,514 British and Irish ancestry controls	NA	3q25.33	3	159921870	IL12A	IL12A-AS1			ENSG00000244040			rs62270414-G	rs62270414	0	62270414	intron_variant	0	0.15	6E-17	16.221848749616356	(conditioned on rs2366643)	1.41	[1.30-1.53]	Illumina [237619] (imputed)	N	primary biliary cirrhosis	http://www.ebi.ac.uk/efo/EFO_1001486	GCST005581	Targeted genotyping array [ImmunoChip]
2018-05-14	22961000	Liu JZ	2012-10-01	Nat Genet	www.ncbi.nlm.nih.gov/pubmed/22961000	Dense fine-mapping study identifies new susceptibility loci for primary biliary cirrhosis.	Primary biliary cirrhosis	2,861 British and Irish ancestry cases, 8,514 British and Irish ancestry controls	NA	3q25.33	3	159997764	IL12A	IL12A-AS1			ENSG00000244040			rs668998-G	rs668998	0	668998	non_coding_transcript_exon_variant	0	0.43	5E-9	8.301029995663981	(conditioned on rs62270414 & rs2366643)	1.26	[1.17-1.36]	Illumina [237619] (imputed)	N	primary biliary cirrhosis	http://www.ebi.ac.uk/efo/EFO_1001486	GCST005581	Targeted genotyping array [ImmunoChip]
2018-05-14	22961000	Liu JZ	2012-10-01	Nat Genet	www.ncbi.nlm.nih.gov/pubmed/22961000	Dense fine-mapping study identifies new susceptibility loci for primary biliary cirrhosis.	Primary biliary cirrhosis	2,861 British and Irish ancestry cases, 8,514 British and Irish ancestry controls	NA	3q25.33	3	159907604	IL12A	IL12A-AS1			ENSG00000244040			rs80014155-A	rs80014155	0	80014155	intron_variant	0	0.004	3E-11	10.522878745280337	(conditioned on rs668998, rs6227041 & rs2366643)	3.44	[2.39-4.94]	Illumina [237619] (imputed)	N	primary biliary cirrhosis	http://www.ebi.ac.uk/efo/EFO_1001486	GCST005581	Targeted genotyping array [ImmunoChip]
2018-05-14	22961000	Liu JZ	2012-10-01	Nat Genet	www.ncbi.nlm.nih.gov/pubmed/22961000	Dense fine-mapping study identifies new susceptibility loci for primary biliary cirrhosis.	Primary biliary cirrhosis	2,861 British and Irish ancestry cases, 8,514 British and Irish ancestry controls	NA	4q24	4	102630446	MANBA, NFKB1	NFKB1 - MANBA	ENSG00000109320	ENSG00000109323		13144	324	rs7665090-G	rs7665090	0	7665090	regulatory_region_variant	1	0.52	8E-14	13.096910013008056		1.26	[1.19-1.34]	Illumina [237619] (imputed)	N	primary biliary cirrhosis	http://www.ebi.ac.uk/efo/EFO_1001486	GCST005581	Targeted genotyping array [ImmunoChip]
2018-05-14	22961000	Liu JZ	2012-10-01	Nat Genet	www.ncbi.nlm.nih.gov/pubmed/22961000	Dense fine-mapping study identifies new susceptibility loci for primary biliary cirrhosis.	Primary biliary cirrhosis	2,861 British and Irish ancestry cases, 8,514 British and Irish ancestry controls	NA	5p13.2	5	35885880	IL7R, CAPSL, SPEF2, UGT3A1	IL7R - AC112204.3	ENSG00000168685	ENSG00000279737		6277	9809	rs6871748-A	rs6871748	0	6871748	intergenic_variant	1	0.72	2E-13	12.698970004336019		1.3	[1.21-1.4]	Illumina [237619] (imputed)	N	primary biliary cirrhosis	http://www.ebi.ac.uk/efo/EFO_1001486	GCST005581	Targeted genotyping array [ImmunoChip]
2018-05-14	22961000	Liu JZ	2012-10-01	Nat Genet	www.ncbi.nlm.nih.gov/pubmed/22961000	Dense fine-mapping study identifies new susceptibility loci for primary biliary cirrhosis.	Primary biliary cirrhosis	2,861 British and Irish ancestry cases, 8,514 British and Irish ancestry controls	NA	7q32.1	7	129043485	IRF5, TNPO3	TNPO3			ENSG00000064419			rs35188261-A	rs35188261	0	35188261	intron_variant	0	0.17	7E-22	21.154901959985743		1.52	[1.39-1.63]	Illumina [237619] (imputed)	N	primary biliary cirrhosis	http://www.ebi.ac.uk/efo/EFO_1001486	GCST005581	Targeted genotyping array [ImmunoChip]
2018-05-14	22961000	Liu JZ	2012-10-01	Nat Genet	www.ncbi.nlm.nih.gov/pubmed/22961000	Dense fine-mapping study identifies new susceptibility loci for primary biliary cirrhosis.	Primary biliary cirrhosis	2,861 British and Irish ancestry cases, 8,514 British and Irish ancestry controls	NA	7q32.1	7	128939148	TNPO3, IRF5	IRF5			ENSG00000128604			rs3807307-G	rs3807307	0	3807307	intron_variant	0	0.47	4E-9	8.397940008672037	(conditioned on rs35188261)	1.22	[1.14-1.30]	Illumina [237619] (imputed)	N	primary biliary cirrhosis	http://www.ebi.ac.uk/efo/EFO_1001486	GCST005581	Targeted genotyping array [ImmunoChip]
2018-05-14	22961000	Liu JZ	2012-10-01	Nat Genet	www.ncbi.nlm.nih.gov/pubmed/22961000	Dense fine-mapping study identifies new susceptibility loci for primary biliary cirrhosis.	Primary biliary cirrhosis	2,861 British and Irish ancestry cases, 8,514 British and Irish ancestry controls	NA	11q23.3	11	118812058	DDX6	AP004609.5 - AP004609.4	ENSG00000278376	ENSG00000254478		18921	9837	rs80065107-A	rs80065107	1	10607450	regulatory_region_variant	1	0.79	7E-16	15.154901959985743		1.39	[1.28-1.5]	Illumina [237619] (imputed)	N	primary biliary cirrhosis	http://www.ebi.ac.uk/efo/EFO_1001486	GCST005581	Targeted genotyping array [ImmunoChip]
2018-05-14	22961000	Liu JZ	2012-10-01	Nat Genet	www.ncbi.nlm.nih.gov/pubmed/22961000	Dense fine-mapping study identifies new susceptibility loci for primary biliary cirrhosis.	Primary biliary cirrhosis	2,861 British and Irish ancestry cases, 8,514 British and Irish ancestry controls	NA	12p13.31	12	6330843	TNFRSF1A, LTBR, SCNN1A	TNFRSF1A			ENSG00000067182			rs1800693-G	rs1800693	0	1800693	non_coding_transcript_exon_variant	0	0.4	1E-14	14.0		1.27	[1.19-1.34]	Illumina [237619] (imputed)	N	primary biliary cirrhosis	http://www.ebi.ac.uk/efo/EFO_1001486	GCST005581	Targeted genotyping array [ImmunoChip]
2018-05-14	22961000	Liu JZ	2012-10-01	Nat Genet	www.ncbi.nlm.nih.gov/pubmed/22961000	Dense fine-mapping study identifies new susceptibility loci for primary biliary cirrhosis.	Primary biliary cirrhosis	2,861 British and Irish ancestry cases, 8,514 British and Irish ancestry controls	NA	12p13.31	12	6383483	TNFRSF1A, LTBR, SCNN1A	LTBR			ENSG00000111321			rs11064157-A	rs11064157	0	11064157	intron_variant	0	0.25	2E-9	8.698970004336019	(conditioned on rs1800693)	1.23	[1.15-1.32]	Illumina [237619] (imputed)	N	primary biliary cirrhosis	http://www.ebi.ac.uk/efo/EFO_1001486	GCST005581	Targeted genotyping array [ImmunoChip]
2018-05-14	22961000	Liu JZ	2012-10-01	Nat Genet	www.ncbi.nlm.nih.gov/pubmed/22961000	Dense fine-mapping study identifies new susceptibility loci for primary biliary cirrhosis.	Primary biliary cirrhosis	2,861 British and Irish ancestry cases, 8,514 British and Irish ancestry controls	NA	12q24.12	12	111621753	ATXN2, BRAP, SH2B3	ATXN2-AS - BRAP	ENSG00000258099	ENSG00000089234		21497	20393	rs11065979-A	rs11065979	0	11065979	intergenic_variant	1	0.44	3E-9	8.522878745280337		1.2	[1.13-1.27]	Illumina [237619] (imputed)	N	primary biliary cirrhosis	http://www.ebi.ac.uk/efo/EFO_1001486	GCST005581	Targeted genotyping array [ImmunoChip]
2018-05-14	22961000	Liu JZ	2012-10-01	Nat Genet	www.ncbi.nlm.nih.gov/pubmed/22961000	Dense fine-mapping study identifies new susceptibility loci for primary biliary cirrhosis.	Primary biliary cirrhosis	2,861 British and Irish ancestry cases, 8,514 British and Irish ancestry controls	NA	14q24.1	14	68286876	RAD51B	RAD51B			ENSG00000182185			rs911263-A	rs911263	0	911263	intron_variant	0	0.71	1E-10	10.0		1.26	[1.17-1.35]	Illumina [237619] (imputed)	N	primary biliary cirrhosis	http://www.ebi.ac.uk/efo/EFO_1001486	GCST005581	Targeted genotyping array [ImmunoChip]
2018-05-14	22961000	Liu JZ	2012-10-01	Nat Genet	www.ncbi.nlm.nih.gov/pubmed/22961000	Dense fine-mapping study identifies new susceptibility loci for primary biliary cirrhosis.	Primary biliary cirrhosis	2,861 British and Irish ancestry cases, 8,514 British and Irish ancestry controls	NA	16p13.13	16	11265823	SOCS1, CLEC16A, PRM1, PRM2	RMI2			ENSG00000175643			rs1646019-G	rs1646019	0	1646019	intron_variant	0	0.71	7E-15	14.154901959985743		1.31	[1.23-141]	Illumina [237619] (imputed)	N	primary biliary cirrhosis	http://www.ebi.ac.uk/efo/EFO_1001486	GCST005581	Targeted genotyping array [ImmunoChip]
2018-05-14	22961000	Liu JZ	2012-10-01	Nat Genet	www.ncbi.nlm.nih.gov/pubmed/22961000	Dense fine-mapping study identifies new susceptibility loci for primary biliary cirrhosis.	Primary biliary cirrhosis	2,861 British and Irish ancestry cases, 8,514 British and Irish ancestry controls	NA	16p13.13	16	11083967	SOCS1, CLEC16A, PRM1, PRM2	CLEC16A			ENSG00000038532			rs12708715-C	rs12708715	0	12708715	intron_variant	0	0.68	2E-13	12.698970004336019	(conditioned on rs1646019)	1.29	[1.21-1.38]	Illumina [237619] (imputed)	N	primary biliary cirrhosis	http://www.ebi.ac.uk/efo/EFO_1001486	GCST005581	Targeted genotyping array [ImmunoChip]
2018-05-14	22961000	Liu JZ	2012-10-01	Nat Genet	www.ncbi.nlm.nih.gov/pubmed/22961000	Dense fine-mapping study identifies new susceptibility loci for primary biliary cirrhosis.	Primary biliary cirrhosis	2,861 British and Irish ancestry cases, 8,514 British and Irish ancestry controls	NA	16p13.13	16	11279940	SOCS1, CLEC16A, PRM1, PRM2	RMI2			ENSG00000175643			rs80073729-A	rs80073729	0	80073729	intron_variant	0	0.004	3E-8	7.522878745280337	(conditioned on rs12708715 & rs1646019)	2.96	[2.02-4.33]	Illumina [237619] (imputed)	N	primary biliary cirrhosis	http://www.ebi.ac.uk/efo/EFO_1001486	GCST005581	Targeted genotyping array [ImmunoChip]
2018-05-14	22961000	Liu JZ	2012-10-01	Nat Genet	www.ncbi.nlm.nih.gov/pubmed/22961000	Dense fine-mapping study identifies new susceptibility loci for primary biliary cirrhosis.	Primary biliary cirrhosis	2,861 British and Irish ancestry cases, 8,514 British and Irish ancestry controls	NA	16q24.1	16	85985910	IRF8	AC092723.4 - AC092723.3	ENSG00000285040	ENSG00000285012		524	854	rs11117433-G	rs11117433	0	11117433	intergenic_variant	1	0.77	1E-9	9.0		1.26	[1.17-1.36]	Illumina [237619] (imputed)	N	primary biliary cirrhosis	http://www.ebi.ac.uk/efo/EFO_1001486	GCST005581	Targeted genotyping array [ImmunoChip]
2018-05-14	22961000	Liu JZ	2012-10-01	Nat Genet	www.ncbi.nlm.nih.gov/pubmed/22961000	Dense fine-mapping study identifies new susceptibility loci for primary biliary cirrhosis.	Primary biliary cirrhosis	2,861 British and Irish ancestry cases, 8,514 British and Irish ancestry controls	NA	17q21.1	17	39895095	ORMDL3, ZPBP2, GSDMB, IKZF3	ZPBP2 - GSDMB	ENSG00000186075	ENSG00000073605		17199	9500	rs8067378-G	rs8067378	0	8067378	regulatory_region_variant	1	0.52	6E-14	13.221848749616356		1.26	[1.19-1.34]	Illumina [237619] (imputed)	N	primary biliary cirrhosis	http://www.ebi.ac.uk/efo/EFO_1001486	GCST005581	Targeted genotyping array [ImmunoChip]
2018-05-14	22961000	Liu JZ	2012-10-01	Nat Genet	www.ncbi.nlm.nih.gov/pubmed/22961000	Dense fine-mapping study identifies new susceptibility loci for primary biliary cirrhosis.	Primary biliary cirrhosis	2,861 British and Irish ancestry cases, 8,514 British and Irish ancestry controls	NA	17q21.31	17	45929235	CRHR1, MAPT	MAPT, MAPT, MAPT			ENSG00000277956, ENSG00000276155, ENSG00000186868			rs17564829-G	rs17564829	0	17564829	intron_variant	0	0.24	2E-9	8.698970004336019		1.25	[1.16-1.35]	Illumina [237619] (imputed)	N	primary biliary cirrhosis	http://www.ebi.ac.uk/efo/EFO_1001486	GCST005581	Targeted genotyping array [ImmunoChip]
2018-05-14	22961000	Liu JZ	2012-10-01	Nat Genet	www.ncbi.nlm.nih.gov/pubmed/22961000	Dense fine-mapping study identifies new susceptibility loci for primary biliary cirrhosis.	Primary biliary cirrhosis	2,861 British and Irish ancestry cases, 8,514 British and Irish ancestry controls	NA	19p13.2	19	10352442	TYK2	TYK2			ENSG00000105397			rs34536443-G	rs34536443	0	34536443	missense_variant	0	0.95	1E-12	12.0		1.91	[1.59-2.28]	Illumina [237619] (imputed)	N	primary biliary cirrhosis	http://www.ebi.ac.uk/efo/EFO_1001486	GCST005581	Targeted genotyping array [ImmunoChip]
2018-05-14	22961000	Liu JZ	2012-10-01	Nat Genet	www.ncbi.nlm.nih.gov/pubmed/22961000	Dense fine-mapping study identifies new susceptibility loci for primary biliary cirrhosis.	Primary biliary cirrhosis	2,861 British and Irish ancestry cases, 8,514 British and Irish ancestry controls	NA	22q13.1	22	39351045	SYNGR1, PDGFB, RPL3	SYNGR1			ENSG00000100321			rs2267407-A	rs2267407	0	2267407	intron_variant	0	0.23	1E-13	13.0		1.29	[1.21-1.38]	Illumina [237619] (imputed)	N	primary biliary cirrhosis	http://www.ebi.ac.uk/efo/EFO_1001486	GCST005581	Targeted genotyping array [ImmunoChip]
2018-05-14	22961000	Liu JZ	2012-10-01	Nat Genet	www.ncbi.nlm.nih.gov/pubmed/22961000	Dense fine-mapping study identifies new susceptibility loci for primary biliary cirrhosis.	Primary biliary cirrhosis	2,861 British and Irish ancestry cases, 8,514 British and Irish ancestry controls	NA				HLA-DQA1							HLA*DQA1:0401-?	HLA*DQA1:0401	0			1	0.22	6E-45	44.221848749616356		3.07		Illumina [237619] (imputed)	N	primary biliary cirrhosis	http://www.ebi.ac.uk/efo/EFO_1001486	GCST005581	Targeted genotyping array [ImmunoChip]
2018-05-14	22961000	Liu JZ	2012-10-01	Nat Genet	www.ncbi.nlm.nih.gov/pubmed/22961000	Dense fine-mapping study identifies new susceptibility loci for primary biliary cirrhosis.	Primary biliary cirrhosis	2,861 British and Irish ancestry cases, 8,514 British and Irish ancestry controls	NA				HLA-DQB1							HLA*DQB1:0602-?	HLA*DQB1:0602	0			1	0.132	2E-15	14.698970004336019		1.56		Illumina [237619] (imputed)	N	primary biliary cirrhosis	http://www.ebi.ac.uk/efo/EFO_1001486	GCST005581	Targeted genotyping array [ImmunoChip]
2018-05-14	22961000	Liu JZ	2012-10-01	Nat Genet	www.ncbi.nlm.nih.gov/pubmed/22961000	Dense fine-mapping study identifies new susceptibility loci for primary biliary cirrhosis.	Primary biliary cirrhosis	2,861 British and Irish ancestry cases, 8,514 British and Irish ancestry controls	NA				HLA-DQB1							HLA*DQB1:0301-?	HLA*DQB1:0301	0			1	0.179	6E-14	13.221848749616356		1.43		Illumina [237619] (imputed)	N	primary biliary cirrhosis	http://www.ebi.ac.uk/efo/EFO_1001486	GCST005581	Targeted genotyping array [ImmunoChip]
2018-05-14	22961000	Liu JZ	2012-10-01	Nat Genet	www.ncbi.nlm.nih.gov/pubmed/22961000	Dense fine-mapping study identifies new susceptibility loci for primary biliary cirrhosis.	Primary biliary cirrhosis	2,861 British and Irish ancestry cases, 8,514 British and Irish ancestry controls	NA				HLA-DRB1							HLA*DRB1:0404-?	HLA*DRB1:0404	0			1	0.052	1E-9	9.0		1.57		Illumina [237619] (imputed)	N	primary biliary cirrhosis	http://www.ebi.ac.uk/efo/EFO_1001486	GCST005581	Targeted genotyping array [ImmunoChip]
2020-05-09	22936693	Juran BD	2012-08-29	Hum Mol Genet	www.ncbi.nlm.nih.gov/pubmed/22936693	Immunochip analyses identify a novel risk locus for primary biliary cirrhosis at 13q14, multiple independent associations at four established risk loci and epistasis between 1p31 and 7q32 risk variants.	Primary biliary cirrhosis	2,216 European ancestry cases, 5,594 Europen ancestry controls	NA	1p31.3	1	67332762	NR	IL12RB2			ENSG00000081985			rs72678531-C	rs72678531	0	72678531	intron_variant	0		3E-23	22.522878745280337		1.68	[1.51-1.86]	Illumina [109812]	N	primary biliary cirrhosis	http://www.ebi.ac.uk/efo/EFO_1001486	GCST009956	Targeted genotyping array [ImmunoChip]
2020-05-09	22936693	Juran BD	2012-08-29	Hum Mol Genet	www.ncbi.nlm.nih.gov/pubmed/22936693	Immunochip analyses identify a novel risk locus for primary biliary cirrhosis at 13q14, multiple independent associations at four established risk loci and epistasis between 1p31 and 7q32 risk variants.	Primary biliary cirrhosis	2,216 European ancestry cases, 5,594 Europen ancestry controls	NA	1q31.3	1	197774376	NR	DENND1B			ENSG00000213047			rs1539414-A	rs1539414	0	1539414	intron_variant	0		4E-6	5.3979400086720375		1.26	[1.14-1.39]	Illumina [109812]	N	primary biliary cirrhosis	http://www.ebi.ac.uk/efo/EFO_1001486	GCST009956	Targeted genotyping array [ImmunoChip]
2020-05-09	22936693	Juran BD	2012-08-29	Hum Mol Genet	www.ncbi.nlm.nih.gov/pubmed/22936693	Immunochip analyses identify a novel risk locus for primary biliary cirrhosis at 13q14, multiple independent associations at four established risk loci and epistasis between 1p31 and 7q32 risk variants.	Primary biliary cirrhosis	2,216 European ancestry cases, 5,594 Europen ancestry controls	NA	2q32.2	2	191078546	NR	STAT4			ENSG00000138378			rs3024921-A	rs3024921	0	3024921	intron_variant	0		5E-11	10.301029995663981		1.75	[1.48-2.07]	Illumina [109812]	N	primary biliary cirrhosis	http://www.ebi.ac.uk/efo/EFO_1001486	GCST009956	Targeted genotyping array [ImmunoChip]
2020-05-09	22936693	Juran BD	2012-08-29	Hum Mol Genet	www.ncbi.nlm.nih.gov/pubmed/22936693	Immunochip analyses identify a novel risk locus for primary biliary cirrhosis at 13q14, multiple independent associations at four established risk loci and epistasis between 1p31 and 7q32 risk variants.	Primary biliary cirrhosis	2,216 European ancestry cases, 5,594 Europen ancestry controls	NA	3q25.33	3	160013032	NR	IL12A-AS1			ENSG00000244040			rs9877910-T	rs9877910	0	9877910	intron_variant	0		1E-17	17.0		1.47	[1.34-1.60]	Illumina [109812]	N	primary biliary cirrhosis	http://www.ebi.ac.uk/efo/EFO_1001486	GCST009956	Targeted genotyping array [ImmunoChip]
2020-05-09	22936693	Juran BD	2012-08-29	Hum Mol Genet	www.ncbi.nlm.nih.gov/pubmed/22936693	Immunochip analyses identify a novel risk locus for primary biliary cirrhosis at 13q14, multiple independent associations at four established risk loci and epistasis between 1p31 and 7q32 risk variants.	Primary biliary cirrhosis	2,216 European ancestry cases, 5,594 Europen ancestry controls	NA	3q13.33	3	119503609	NR	TIMMDC1			ENSG00000113845			rs1131265-G	rs1131265	0	1131265	stop_lost	0		5E-9	8.301029995663981		1.42	[1.26-1.60]	Illumina [109812]	N	primary biliary cirrhosis	http://www.ebi.ac.uk/efo/EFO_1001486	GCST009956	Targeted genotyping array [ImmunoChip]
2020-05-09	22936693	Juran BD	2012-08-29	Hum Mol Genet	www.ncbi.nlm.nih.gov/pubmed/22936693	Immunochip analyses identify a novel risk locus for primary biliary cirrhosis at 13q14, multiple independent associations at four established risk loci and epistasis between 1p31 and 7q32 risk variants.	Primary biliary cirrhosis	2,216 European ancestry cases, 5,594 Europen ancestry controls	NA	5p13.2	5	35934055	NR	CAPSL			ENSG00000152611			rs700172-A	rs700172	0	700172	intron_variant	0		2E-6	5.698970004336019		1.27	[1.15-1.40]	Illumina [109812]	N	primary biliary cirrhosis	http://www.ebi.ac.uk/efo/EFO_1001486	GCST009956	Targeted genotyping array [ImmunoChip]
2020-05-09	22936693	Juran BD	2012-08-29	Hum Mol Genet	www.ncbi.nlm.nih.gov/pubmed/22936693	Immunochip analyses identify a novel risk locus for primary biliary cirrhosis at 13q14, multiple independent associations at four established risk loci and epistasis between 1p31 and 7q32 risk variants.	Primary biliary cirrhosis	2,216 European ancestry cases, 5,594 Europen ancestry controls	NA	6p21.32	6	32690139	NR	HLA-DQB1 - MTCO3P1	ENSG00000231286	ENSG00000237145		21756	15985	rs7775055-C	rs7775055	0	7775055	TF_binding_site_variant	1		1E-33	33.0		3.71	[3.00-4.59]	Illumina [109812]	N	primary biliary cirrhosis	http://www.ebi.ac.uk/efo/EFO_1001486	GCST009956	Targeted genotyping array [ImmunoChip]
2020-05-09	22936693	Juran BD	2012-08-29	Hum Mol Genet	www.ncbi.nlm.nih.gov/pubmed/22936693	Immunochip analyses identify a novel risk locus for primary biliary cirrhosis at 13q14, multiple independent associations at four established risk loci and epistasis between 1p31 and 7q32 risk variants.	Primary biliary cirrhosis	2,216 European ancestry cases, 5,594 Europen ancestry controls	NA	6q23.3	6	137685367	NR	AL356234.2			ENSG00000230533			rs6920220-A	rs6920220	0	6920220	intron_variant	0		1E-6	6.0		1.29	[1.16-1.43]	Illumina [109812]	N	primary biliary cirrhosis	http://www.ebi.ac.uk/efo/EFO_1001486	GCST009956	Targeted genotyping array [ImmunoChip]
2020-05-09	22936693	Juran BD	2012-08-29	Hum Mol Genet	www.ncbi.nlm.nih.gov/pubmed/22936693	Immunochip analyses identify a novel risk locus for primary biliary cirrhosis at 13q14, multiple independent associations at four established risk loci and epistasis between 1p31 and 7q32 risk variants.	Primary biliary cirrhosis	2,216 European ancestry cases, 5,594 Europen ancestry controls	NA	7q32.1	7	128954129	NR	AC025594.2 - TNPO3	ENSG00000275106	ENSG00000064419		813	51	rs10488631-C	rs10488631	0	10488631	intergenic_variant	1		3E-12	11.522878745280337		1.56	[1.38-1.77]	Illumina [109812]	N	primary biliary cirrhosis	http://www.ebi.ac.uk/efo/EFO_1001486	GCST009956	Targeted genotyping array [ImmunoChip]
2020-05-09	22936693	Juran BD	2012-08-29	Hum Mol Genet	www.ncbi.nlm.nih.gov/pubmed/22936693	Immunochip analyses identify a novel risk locus for primary biliary cirrhosis at 13q14, multiple independent associations at four established risk loci and epistasis between 1p31 and 7q32 risk variants.	Primary biliary cirrhosis	2,216 European ancestry cases, 5,594 Europen ancestry controls	NA	8q24.21	8	128157880	NR	PVT1			ENSG00000249859			rs2608029-C	rs2608029	0	2608029	intron_variant	0		3E-6	5.522878745280337		1.23	[1.13-1.34]	Illumina [109812]	N	primary biliary cirrhosis	http://www.ebi.ac.uk/efo/EFO_1001486	GCST009956	Targeted genotyping array [ImmunoChip]
2020-05-09	22936693	Juran BD	2012-08-29	Hum Mol Genet	www.ncbi.nlm.nih.gov/pubmed/22936693	Immunochip analyses identify a novel risk locus for primary biliary cirrhosis at 13q14, multiple independent associations at four established risk loci and epistasis between 1p31 and 7q32 risk variants.	Primary biliary cirrhosis	2,216 European ancestry cases, 5,594 Europen ancestry controls	NA	11q13.4	11	71490481	NR	NADSYN1			ENSG00000172890			rs10898201-A	rs10898201	0	10898201	intron_variant	0		5E-6	5.301029995663981		1.31	[1.17-1.48]	Illumina [109812]	N	primary biliary cirrhosis	http://www.ebi.ac.uk/efo/EFO_1001486	GCST009956	Targeted genotyping array [ImmunoChip]
2020-05-09	22936693	Juran BD	2012-08-29	Hum Mol Genet	www.ncbi.nlm.nih.gov/pubmed/22936693	Immunochip analyses identify a novel risk locus for primary biliary cirrhosis at 13q14, multiple independent associations at four established risk loci and epistasis between 1p31 and 7q32 risk variants.	Primary biliary cirrhosis	2,216 European ancestry cases, 5,594 Europen ancestry controls	NA	11q23.3	11	118870448	NR	AP004609.1 - CXCR5	ENSG00000201535	ENSG00000160683		34337	13444	rs7117261-C	rs7117261	0	7117261	regulatory_region_variant	1		3E-10	9.522878745280337		1.46	[1.30-1.64]	Illumina [109812]	N	primary biliary cirrhosis	http://www.ebi.ac.uk/efo/EFO_1001486	GCST009956	Targeted genotyping array [ImmunoChip]
2020-05-09	22936693	Juran BD	2012-08-29	Hum Mol Genet	www.ncbi.nlm.nih.gov/pubmed/22936693	Immunochip analyses identify a novel risk locus for primary biliary cirrhosis at 13q14, multiple independent associations at four established risk loci and epistasis between 1p31 and 7q32 risk variants.	Primary biliary cirrhosis	2,216 European ancestry cases, 5,594 Europen ancestry controls	NA	13q14.11	13	42512771	NR	LINC02341 - TNFSF11	ENSG00000283554	ENSG00000120659		26815	49965	rs3862738-G	rs3862738	0	3862738	intergenic_variant	1		2E-8	7.698970004336019		1.33	[1.20-1.47]	Illumina [109812]	N	primary biliary cirrhosis	http://www.ebi.ac.uk/efo/EFO_1001486	GCST009956	Targeted genotyping array [ImmunoChip]
2020-05-09	22936693	Juran BD	2012-08-29	Hum Mol Genet	www.ncbi.nlm.nih.gov/pubmed/22936693	Immunochip analyses identify a novel risk locus for primary biliary cirrhosis at 13q14, multiple independent associations at four established risk loci and epistasis between 1p31 and 7q32 risk variants.	Primary biliary cirrhosis	2,216 European ancestry cases, 5,594 Europen ancestry controls	NA	14q24.1	14	68286876	NR	RAD51B			ENSG00000182185			rs911263-A	rs911263	0	911263	intron_variant	0		4E-6	5.3979400086720375		1.25	[1.14-1.37]	Illumina [109812]	N	primary biliary cirrhosis	http://www.ebi.ac.uk/efo/EFO_1001486	GCST009956	Targeted genotyping array [ImmunoChip]
2020-05-09	22936693	Juran BD	2012-08-29	Hum Mol Genet	www.ncbi.nlm.nih.gov/pubmed/22936693	Immunochip analyses identify a novel risk locus for primary biliary cirrhosis at 13q14, multiple independent associations at four established risk loci and epistasis between 1p31 and 7q32 risk variants.	Primary biliary cirrhosis	2,216 European ancestry cases, 5,594 Europen ancestry controls	NA	16p13.13	16	11260234	NR	RMI2			ENSG00000175643			rs413024-T	rs413024	0	413024	intron_variant	0		2E-8	7.698970004336019		1.31	[1.19-1.44]	Illumina [109812]	N	primary biliary cirrhosis	http://www.ebi.ac.uk/efo/EFO_1001486	GCST009956	Targeted genotyping array [ImmunoChip]
2020-05-09	22936693	Juran BD	2012-08-29	Hum Mol Genet	www.ncbi.nlm.nih.gov/pubmed/22936693	Immunochip analyses identify a novel risk locus for primary biliary cirrhosis at 13q14, multiple independent associations at four established risk loci and epistasis between 1p31 and 7q32 risk variants.	Primary biliary cirrhosis	2,216 European ancestry cases, 5,594 Europen ancestry controls	NA	17q12	17	39765489	NR	IKZF3			ENSG00000161405			rs907091-C	rs907091	0	907091	3_prime_UTR_variant	0		4E-9	8.397940008672037		1.29	[1.19-1.41]	Illumina [109812]	N	primary biliary cirrhosis	http://www.ebi.ac.uk/efo/EFO_1001486	GCST009956	Targeted genotyping array [ImmunoChip]
2020-05-09	22936693	Juran BD	2012-08-29	Hum Mol Genet	www.ncbi.nlm.nih.gov/pubmed/22936693	Immunochip analyses identify a novel risk locus for primary biliary cirrhosis at 13q14, multiple independent associations at four established risk loci and epistasis between 1p31 and 7q32 risk variants.	Primary biliary cirrhosis	2,216 European ancestry cases, 5,594 Europen ancestry controls	NA	22q13.1	22	39355246	NR	SYNGR1			ENSG00000100321			rs715505-C	rs715505	0	715505	intron_variant	0		1E-11	11.0		1.41	[1.28-1.60]	Illumina [109812]	N	primary biliary cirrhosis	http://www.ebi.ac.uk/efo/EFO_1001486	GCST009956	Targeted genotyping array [ImmunoChip]
2020-05-09	22936693	Juran BD	2012-08-29	Hum Mol Genet	www.ncbi.nlm.nih.gov/pubmed/22936693	Immunochip analyses identify a novel risk locus for primary biliary cirrhosis at 13q14, multiple independent associations at four established risk loci and epistasis between 1p31 and 7q32 risk variants.	Primary biliary cirrhosis	2,216 European ancestry cases, 5,594 Europen ancestry controls	NA				NR							DQB1*0402-?	DQB1*0402	0			1	NR	8E-36	35.096910013008056		3.93	[3.17–4.87]	Illumina [109812]	N	primary biliary cirrhosis	http://www.ebi.ac.uk/efo/EFO_1001486	GCST009956	Targeted genotyping array [ImmunoChip]
2020-05-09	22936693	Juran BD	2012-08-29	Hum Mol Genet	www.ncbi.nlm.nih.gov/pubmed/22936693	Immunochip analyses identify a novel risk locus for primary biliary cirrhosis at 13q14, multiple independent associations at four established risk loci and epistasis between 1p31 and 7q32 risk variants.	Primary biliary cirrhosis	2,216 European ancestry cases, 5,594 Europen ancestry controls	NA				NR							DRB1*0801-?	DRB1*0801	0			1	NR	3E-33	32.52287874528034		3.99	[3.19–5.00]	Illumina [109812]	N	primary biliary cirrhosis	http://www.ebi.ac.uk/efo/EFO_1001486	GCST009956	Targeted genotyping array [ImmunoChip]
2020-05-09	22936693	Juran BD	2012-08-29	Hum Mol Genet	www.ncbi.nlm.nih.gov/pubmed/22936693	Immunochip analyses identify a novel risk locus for primary biliary cirrhosis at 13q14, multiple independent associations at four established risk loci and epistasis between 1p31 and 7q32 risk variants.	Primary biliary cirrhosis	2,216 European ancestry cases, 5,594 Europen ancestry controls	NA				NR							DQB1*0301-?	DQB1*0301	0			1	NR	2E-20	19.69897000433602		1.8518518		Illumina [109812]	N	primary biliary cirrhosis	http://www.ebi.ac.uk/efo/EFO_1001486	GCST009956	Targeted genotyping array [ImmunoChip]
2020-05-09	22936693	Juran BD	2012-08-29	Hum Mol Genet	www.ncbi.nlm.nih.gov/pubmed/22936693	Immunochip analyses identify a novel risk locus for primary biliary cirrhosis at 13q14, multiple independent associations at four established risk loci and epistasis between 1p31 and 7q32 risk variants.	Primary biliary cirrhosis	2,216 European ancestry cases, 5,594 Europen ancestry controls	NA				NR							DRB1*1101-?	DRB1*1101	0			1	NR	4E-14	13.397940008672037		2.0408163		Illumina [109812]	N	primary biliary cirrhosis	http://www.ebi.ac.uk/efo/EFO_1001486	GCST009956	Targeted genotyping array [ImmunoChip]
2020-05-09	22936693	Juran BD	2012-08-29	Hum Mol Genet	www.ncbi.nlm.nih.gov/pubmed/22936693	Immunochip analyses identify a novel risk locus for primary biliary cirrhosis at 13q14, multiple independent associations at four established risk loci and epistasis between 1p31 and 7q32 risk variants.	Primary biliary cirrhosis	2,216 European ancestry cases, 5,594 Europen ancestry controls	NA				NR							DQA1*0501-?	DQA1*0501	0			1	NR	7E-11	10.154901959985743		1.5151515		Illumina [109812]	N	primary biliary cirrhosis	http://www.ebi.ac.uk/efo/EFO_1001486	GCST009956	Targeted genotyping array [ImmunoChip]
2020-05-09	22936693	Juran BD	2012-08-29	Hum Mol Genet	www.ncbi.nlm.nih.gov/pubmed/22936693	Immunochip analyses identify a novel risk locus for primary biliary cirrhosis at 13q14, multiple independent associations at four established risk loci and epistasis between 1p31 and 7q32 risk variants.	Primary biliary cirrhosis	2,216 European ancestry cases, 5,594 Europen ancestry controls	NA				NR							DRB1*1501-?	DRB1*1501	0			1	NR	8E-9	8.096910013008056		1.6129031		Illumina [109812]	N	primary biliary cirrhosis	http://www.ebi.ac.uk/efo/EFO_1001486	GCST009956	Targeted genotyping array [ImmunoChip]
2020-05-09	22936693	Juran BD	2012-08-29	Hum Mol Genet	www.ncbi.nlm.nih.gov/pubmed/22936693	Immunochip analyses identify a novel risk locus for primary biliary cirrhosis at 13q14, multiple independent associations at four established risk loci and epistasis between 1p31 and 7q32 risk variants.	Primary biliary cirrhosis	2,216 European ancestry cases, 5,594 Europen ancestry controls	NA				NR							DQB1*0302-?	DQB1*0302	0			1	NR	3E-8	7.522878745280337		1.51	[1.31–1.75]	Illumina [109812]	N	primary biliary cirrhosis	http://www.ebi.ac.uk/efo/EFO_1001486	GCST009956	Targeted genotyping array [ImmunoChip]
2016-09-12	26394269	Cordell HJ	2015-09-22	Nat Commun	www.ncbi.nlm.nih.gov/pubmed/26394269	International genome-wide meta-analysis identifies new primary biliary cirrhosis risk loci and targetable pathogenic pathways.	Primary biliary cholangitis	2,764 European ancestry cases, 10,475 European ancestry controls	3,716 European ancestry cases,  4,261 European ancestry controls	2q36.3	2	227795646	RNA5SP121, SNRPGP8, LOC100533842, CCL20	SNRPGP8 - AC073065.1	ENSG00000226718	ENSG00000229172		16911	6194	rs4973341-T	rs4973341	0	4973341	intergenic_variant	1		2E-10	9.698970004336019		1.2195122	[1.11-1.35]	Illumina [1143634] (imputed)	N	primary biliary cirrhosis	http://www.ebi.ac.uk/efo/EFO_1001486	GCST003129	Genome-wide genotyping array
2016-09-12	26394269	Cordell HJ	2015-09-22	Nat Commun	www.ncbi.nlm.nih.gov/pubmed/26394269	International genome-wide meta-analysis identifies new primary biliary cirrhosis risk loci and targetable pathogenic pathways.	Primary biliary cholangitis	2,764 European ancestry cases, 10,475 European ancestry controls	3,716 European ancestry cases,  4,261 European ancestry controls	5q21.1	5	103345680	PAM, EIF3KP1, GIN1, PPIP5K2, C5orf30	MACIR - AC010406.1	ENSG00000181751	ENSG00000250567		67020	63261	rs526231-C	rs526231	0	526231	intergenic_variant	1		1E-8	8.0		1.1494253	[1.08-1.23]	Illumina [1143634] (imputed)	N	primary biliary cirrhosis	http://www.ebi.ac.uk/efo/EFO_1001486	GCST003129	Genome-wide genotyping array
2016-09-12	26394269	Cordell HJ	2015-09-22	Nat Commun	www.ncbi.nlm.nih.gov/pubmed/26394269	International genome-wide meta-analysis identifies new primary biliary cirrhosis risk loci and targetable pathogenic pathways.	Primary biliary cholangitis	2,764 European ancestry cases, 10,475 European ancestry controls	3,716 European ancestry cases,  4,261 European ancestry controls	5q33.3	5	159332892	RNF145, UBLCP1, RNU4ATAC2P, IL12B, LOC285626	AC008691.1			ENSG00000249738			rs2546890-A	rs2546890	0	2546890	non_coding_transcript_exon_variant	0		1E-10	10.0		1.1494253	[1.08-1.22]	Illumina [1143634] (imputed)	N	primary biliary cirrhosis	http://www.ebi.ac.uk/efo/EFO_1001486	GCST003129	Genome-wide genotyping array
2016-09-12	26394269	Cordell HJ	2015-09-22	Nat Commun	www.ncbi.nlm.nih.gov/pubmed/26394269	International genome-wide meta-analysis identifies new primary biliary cirrhosis risk loci and targetable pathogenic pathways.	Primary biliary cholangitis	2,764 European ancestry cases, 10,475 European ancestry controls	3,716 European ancestry cases,  4,261 European ancestry controls	16p12.1	16	27386677	IL4R, IL21R	IL4R - IL21R	ENSG00000077238	ENSG00000103522		21899	15497	rs1859308-C	rs1859308	0	1859308	intergenic_variant	1		2E-7	6.698970004336019		1.1764705	[1.08-1.30]	Illumina [1143634] (imputed)	N	primary biliary cirrhosis	http://www.ebi.ac.uk/efo/EFO_1001486	GCST003129	Genome-wide genotyping array
2016-09-12	26394269	Cordell HJ	2015-09-22	Nat Commun	www.ncbi.nlm.nih.gov/pubmed/26394269	International genome-wide meta-analysis identifies new primary biliary cirrhosis risk loci and targetable pathogenic pathways.	Primary biliary cholangitis	2,764 European ancestry cases, 10,475 European ancestry controls	3,716 European ancestry cases,  4,261 European ancestry controls	13q14.2	13	50237084	DLEU1	DLEU1			ENSG00000176124			rs9591325--T	rs9591325	0	9591325	intron_variant	0	0.94	1E-10	10.0		1.63	NR	Illumina [1143634] (imputed)	N	primary biliary cirrhosis	http://www.ebi.ac.uk/efo/EFO_1001486	GCST003129	Genome-wide genotyping array
2016-09-12	26394269	Cordell HJ	2015-09-22	Nat Commun	www.ncbi.nlm.nih.gov/pubmed/26394269	International genome-wide meta-analysis identifies new primary biliary cirrhosis risk loci and targetable pathogenic pathways.	Primary biliary cholangitis	2,764 European ancestry cases, 10,475 European ancestry controls	3,716 European ancestry cases,  4,261 European ancestry controls	7q32.1	7	128954129	IRF5, TNP03	AC025594.2 - TNPO3	ENSG00000275106	ENSG00000064419		813	51	rs10488631-C	rs10488631	0	10488631	intergenic_variant	1	0.08999999999999997	5E-23	22.30102999566398		1.5873016	NR	Illumina [1143634] (imputed)	N	primary biliary cirrhosis	http://www.ebi.ac.uk/efo/EFO_1001486	GCST003129	Genome-wide genotyping array
2016-09-12	26394269	Cordell HJ	2015-09-22	Nat Commun	www.ncbi.nlm.nih.gov/pubmed/26394269	International genome-wide meta-analysis identifies new primary biliary cirrhosis risk loci and targetable pathogenic pathways.	Primary biliary cholangitis	2,764 European ancestry cases, 10,475 European ancestry controls	3,716 European ancestry cases,  4,261 European ancestry controls	2q32.2	2	190679236	NAB1, STAT1, STAT4	AC006460.1, NAB1			ENSG00000228509, ENSG00000138386			rs3771317-C	rs3771317	0	3771317	intron_variant	0	0.14	2E-14	13.698970004336019		1.4084507	NR	Illumina [1143634] (imputed)	N	primary biliary cirrhosis	http://www.ebi.ac.uk/efo/EFO_1001486	GCST003129	Genome-wide genotyping array
2016-09-12	26394269	Cordell HJ	2015-09-22	Nat Commun	www.ncbi.nlm.nih.gov/pubmed/26394269	International genome-wide meta-analysis identifies new primary biliary cirrhosis risk loci and targetable pathogenic pathways.	Primary biliary cholangitis	2,764 European ancestry cases, 10,475 European ancestry controls	3,716 European ancestry cases,  4,261 European ancestry controls	3q25.33	3	160028076	IL12A, SCHIP1	LINC01100, IL12A-AS1			ENSG00000242107, ENSG00000244040			rs485499-T	rs485499	0	485499	intron_variant	0	0.6	1E-23	23.0		1.4084507	NR	Illumina [1143634] (imputed)	N	primary biliary cirrhosis	http://www.ebi.ac.uk/efo/EFO_1001486	GCST003129	Genome-wide genotyping array
2016-09-12	26394269	Cordell HJ	2015-09-22	Nat Commun	www.ncbi.nlm.nih.gov/pubmed/26394269	International genome-wide meta-analysis identifies new primary biliary cirrhosis risk loci and targetable pathogenic pathways.	Primary biliary cholangitis	2,764 European ancestry cases, 10,475 European ancestry controls	3,716 European ancestry cases,  4,261 European ancestry controls	14q32.32	14	103100448	EXOC3L4, TNFAIP2	EXOC3L4			ENSG00000205436			rs2297067-T	rs2297067	0	2297067	missense_variant	0	0.18000000000000005	6E-19	18.221848749616356		1.3888888	NR	Illumina [1143634] (imputed)	N	primary biliary cirrhosis	http://www.ebi.ac.uk/efo/EFO_1001486	GCST003129	Genome-wide genotyping array
2016-09-12	26394269	Cordell HJ	2015-09-22	Nat Commun	www.ncbi.nlm.nih.gov/pubmed/26394269	International genome-wide meta-analysis identifies new primary biliary cirrhosis risk loci and targetable pathogenic pathways.	Primary biliary cholangitis	2,764 European ancestry cases, 10,475 European ancestry controls	3,716 European ancestry cases,  4,261 European ancestry controls	19q13.33	19	50423485	SPIB, MYBPC2	AC020909.1, SPIB			ENSG00000142539, ENSG00000269404			rs3745516-A	rs3745516	0	3745516	intron_variant	0	0.24	1E-20	20.0		1.3888888	NR	Illumina [1143634] (imputed)	N	primary biliary cirrhosis	http://www.ebi.ac.uk/efo/EFO_1001486	GCST003129	Genome-wide genotyping array
2016-09-12	26394269	Cordell HJ	2015-09-22	Nat Commun	www.ncbi.nlm.nih.gov/pubmed/26394269	International genome-wide meta-analysis identifies new primary biliary cirrhosis risk loci and targetable pathogenic pathways.	Primary biliary cholangitis	2,764 European ancestry cases, 10,475 European ancestry controls	3,716 European ancestry cases,  4,261 European ancestry controls	1q31.3	1	197735587	DENND1B	DENND1B			ENSG00000213047			rs17641524-T	rs17641524	0	17641524	splice_region_variant	0	0.17000000000000004	1E-11	11.0		1.2987013	NR	Illumina [1143634] (imputed)	N	primary biliary cirrhosis	http://www.ebi.ac.uk/efo/EFO_1001486	GCST003129	Genome-wide genotyping array
2016-09-12	26394269	Cordell HJ	2015-09-22	Nat Commun	www.ncbi.nlm.nih.gov/pubmed/26394269	International genome-wide meta-analysis identifies new primary biliary cirrhosis risk loci and targetable pathogenic pathways.	Primary biliary cholangitis	2,764 European ancestry cases, 10,475 European ancestry controls	3,716 European ancestry cases,  4,261 European ancestry controls	19p13.2	19	10364976	TYK2	TYK2			ENSG00000105397			rs2304256-C	rs2304256	0	2304256	missense_variant	0	0.71	1E-10	10.0		1.2658228	NR	Illumina [1143634] (imputed)	N	primary biliary cirrhosis	http://www.ebi.ac.uk/efo/EFO_1001486	GCST003129	Genome-wide genotyping array
2016-09-12	26394269	Cordell HJ	2015-09-22	Nat Commun	www.ncbi.nlm.nih.gov/pubmed/26394269	International genome-wide meta-analysis identifies new primary biliary cirrhosis risk loci and targetable pathogenic pathways.	Primary biliary cholangitis	2,764 European ancestry cases, 10,475 European ancestry controls	3,716 European ancestry cases,  4,261 European ancestry controls	22q13.1	22	39351775	SYNGR1, PDGFB	SYNGR1			ENSG00000100321			rs2069235-A	rs2069235	0	2069235	intron_variant	0	0.31999999999999995	2E-11	10.698970004336019		1.2658228	NR	Illumina [1143634] (imputed)	N	primary biliary cirrhosis	http://www.ebi.ac.uk/efo/EFO_1001486	GCST003129	Genome-wide genotyping array
2016-09-12	26394269	Cordell HJ	2015-09-22	Nat Commun	www.ncbi.nlm.nih.gov/pubmed/26394269	International genome-wide meta-analysis identifies new primary biliary cirrhosis risk loci and targetable pathogenic pathways.	Primary biliary cholangitis	2,764 European ancestry cases, 10,475 European ancestry controls	3,716 European ancestry cases,  4,261 European ancestry controls	11q13.1	11	64347665	CCDC88B	CCDC88B			ENSG00000168071			rs510372-C	rs510372	0	510372	intron_variant	0	0.5700000000000001	2E-9	8.698970004336019		1.2345679	NR	Illumina [1143634] (imputed)	N	primary biliary cirrhosis	http://www.ebi.ac.uk/efo/EFO_1001486	GCST003129	Genome-wide genotyping array
2016-09-12	26394269	Cordell HJ	2015-09-22	Nat Commun	www.ncbi.nlm.nih.gov/pubmed/26394269	International genome-wide meta-analysis identifies new primary biliary cirrhosis risk loci and targetable pathogenic pathways.	Primary biliary cholangitis	2,764 European ancestry cases, 10,475 European ancestry controls	3,716 European ancestry cases,  4,261 European ancestry controls	17q21.1	17	39820216	IKZF3	IKZF3			ENSG00000161405			rs9303277-T	rs9303277	0	9303277	intron_variant	0	0.5	3E-11	10.522878745280337		1.2345679	NR	Illumina [1143634] (imputed)	N	primary biliary cirrhosis	http://www.ebi.ac.uk/efo/EFO_1001486	GCST003129	Genome-wide genotyping array
2016-09-12	26394269	Cordell HJ	2015-09-22	Nat Commun	www.ncbi.nlm.nih.gov/pubmed/26394269	International genome-wide meta-analysis identifies new primary biliary cirrhosis risk loci and targetable pathogenic pathways.	Primary biliary cholangitis	2,764 European ancestry cases, 10,475 European ancestry controls	3,716 European ancestry cases,  4,261 European ancestry controls	12p13.31	12	6330843	TNFRSF1A, PLEKHG6	TNFRSF1A			ENSG00000067182			rs1800693-C	rs1800693	0	1800693	non_coding_transcript_exon_variant	0	0.51	2E-9	8.698970004336019		1.2195122	NR	Illumina [1143634] (imputed)	N	primary biliary cirrhosis	http://www.ebi.ac.uk/efo/EFO_1001486	GCST003129	Genome-wide genotyping array
2016-09-12	26394269	Cordell HJ	2015-09-22	Nat Commun	www.ncbi.nlm.nih.gov/pubmed/26394269	International genome-wide meta-analysis identifies new primary biliary cirrhosis risk loci and targetable pathogenic pathways.	Primary biliary cholangitis	2,764 European ancestry cases, 10,475 European ancestry controls	3,716 European ancestry cases,  4,261 European ancestry controls	12q24.12	12	111634620	ATXN2, SH2B3, TRAFD1, ALDH2	ATXN2-AS - BRAP	ENSG00000258099	ENSG00000089234		34364	7526	rs11065987-G	rs11065987	0	11065987	intergenic_variant	1	0.37	3E-8	7.522878745280337		1.1904762	NR	Illumina [1143634] (imputed)	N	primary biliary cirrhosis	http://www.ebi.ac.uk/efo/EFO_1001486	GCST003129	Genome-wide genotyping array
2016-09-12	26394269	Cordell HJ	2015-09-22	Nat Commun	www.ncbi.nlm.nih.gov/pubmed/26394269	International genome-wide meta-analysis identifies new primary biliary cirrhosis risk loci and targetable pathogenic pathways.	Primary biliary cholangitis	2,764 European ancestry cases, 10,475 European ancestry controls	3,716 European ancestry cases,  4,261 European ancestry controls	3p24.3	3	16913767	PLCL2	PLCL2, PLCL2			ENSG00000154822, ENSG00000284017			rs1372072-A	rs1372072	0	1372072	intron_variant	0	0.38	4E-8	7.3979400086720375		1.2	NR	Illumina [1143634] (imputed)	N	primary biliary cirrhosis	http://www.ebi.ac.uk/efo/EFO_1001486	GCST003129	Genome-wide genotyping array
2016-09-12	26394269	Cordell HJ	2015-09-22	Nat Commun	www.ncbi.nlm.nih.gov/pubmed/26394269	International genome-wide meta-analysis identifies new primary biliary cirrhosis risk loci and targetable pathogenic pathways.	Primary biliary cholangitis	2,764 European ancestry cases, 10,475 European ancestry controls	3,716 European ancestry cases,  4,261 European ancestry controls	4q24	4	102631552	MANBA, NFKB1, CISD2	MANBA			ENSG00000109323			rs1054037-T	rs1054037	0	1054037	3_prime_UTR_variant	0	0.52	8E-10	9.096910013008056		1.22	NR	Illumina [1143634] (imputed)	N	primary biliary cirrhosis	http://www.ebi.ac.uk/efo/EFO_1001486	GCST003129	Genome-wide genotyping array
2016-09-12	26394269	Cordell HJ	2015-09-22	Nat Commun	www.ncbi.nlm.nih.gov/pubmed/26394269	International genome-wide meta-analysis identifies new primary biliary cirrhosis risk loci and targetable pathogenic pathways.	Primary biliary cholangitis	2,764 European ancestry cases, 10,475 European ancestry controls	3,716 European ancestry cases,  4,261 European ancestry controls	14q24.1	14	68286876	RAD51L1, RAD51B	RAD51B			ENSG00000182185			rs911263-T	rs911263	0	911263	intron_variant	0	0.73	2E-9	8.698970004336019		1.24	NR	Illumina [1143634] (imputed)	N	primary biliary cirrhosis	http://www.ebi.ac.uk/efo/EFO_1001486	GCST003129	Genome-wide genotyping array
2016-09-12	26394269	Cordell HJ	2015-09-22	Nat Commun	www.ncbi.nlm.nih.gov/pubmed/26394269	International genome-wide meta-analysis identifies new primary biliary cirrhosis risk loci and targetable pathogenic pathways.	Primary biliary cholangitis	2,764 European ancestry cases, 10,475 European ancestry controls	3,716 European ancestry cases,  4,261 European ancestry controls	2p23.1	2	30206869	LBH	SNORA10B - H3P5	ENSG00000207187	ENSG00000231712		19303	3126	rs4952108-C	rs4952108	0	4952108	regulatory_region_variant	1	0.81	5E-8	7.301029995663981		1.28	NR	Illumina [1143634] (imputed)	N	primary biliary cirrhosis	http://www.ebi.ac.uk/efo/EFO_1001486	GCST003129	Genome-wide genotyping array
2016-09-12	26394269	Cordell HJ	2015-09-22	Nat Commun	www.ncbi.nlm.nih.gov/pubmed/26394269	International genome-wide meta-analysis identifies new primary biliary cirrhosis risk loci and targetable pathogenic pathways.	Primary biliary cholangitis	2,764 European ancestry cases, 10,475 European ancestry controls	3,716 European ancestry cases,  4,261 European ancestry controls	5p13.2	5	35942940	IL7R, CAPSL, UGT3A1	AC112204.2 - UGT3A1	ENSG00000249748	ENSG00000145626		2947	8066	rs860413-A	rs860413	0	860413	intergenic_variant	1	0.79	5E-11	10.301029995663981		1.28	NR	Illumina [1143634] (imputed)	N	primary biliary cirrhosis	http://www.ebi.ac.uk/efo/EFO_1001486	GCST003129	Genome-wide genotyping array
2016-09-12	26394269	Cordell HJ	2015-09-22	Nat Commun	www.ncbi.nlm.nih.gov/pubmed/26394269	International genome-wide meta-analysis identifies new primary biliary cirrhosis risk loci and targetable pathogenic pathways.	Primary biliary cholangitis	2,764 European ancestry cases, 10,475 European ancestry controls	3,716 European ancestry cases,  4,261 European ancestry controls	16p13.13	16	11093926	SOCS1, CLEC16A, DEXI	CLEC16A			ENSG00000038532			rs12924729-G	rs12924729	0	12924729	intron_variant	0	0.67	2E-14	13.698970004336019		1.31	NR	Illumina [1143634] (imputed)	N	primary biliary cirrhosis	http://www.ebi.ac.uk/efo/EFO_1001486	GCST003129	Genome-wide genotyping array
2016-09-12	26394269	Cordell HJ	2015-09-22	Nat Commun	www.ncbi.nlm.nih.gov/pubmed/26394269	International genome-wide meta-analysis identifies new primary biliary cirrhosis risk loci and targetable pathogenic pathways.	Primary biliary cholangitis	2,764 European ancestry cases, 10,475 European ancestry controls	3,716 European ancestry cases,  4,261 European ancestry controls	11q23.3	11	118873063	CXCR5, DDX6 	AP004609.1 - CXCR5	ENSG00000201535	ENSG00000160683		36952	10829	rs6421571-C	rs6421571	0	6421571	intergenic_variant	1	0.8	2E-13	12.698970004336019		1.39	NR	Illumina [1143634] (imputed)	N	primary biliary cirrhosis	http://www.ebi.ac.uk/efo/EFO_1001486	GCST003129	Genome-wide genotyping array
2016-09-12	26394269	Cordell HJ	2015-09-22	Nat Commun	www.ncbi.nlm.nih.gov/pubmed/26394269	International genome-wide meta-analysis identifies new primary biliary cirrhosis risk loci and targetable pathogenic pathways.	Primary biliary cholangitis	2,764 European ancestry cases, 10,475 European ancestry controls	3,716 European ancestry cases,  4,261 European ancestry controls	3q13.33	3	119501087	TMEM39A, CD80	TIMMDC1			ENSG00000113845			rs2293370-G	rs2293370	0	2293370	intron_variant	0	0.86	4E-15	14.397940008672037		1.42	NR	Illumina [1143634] (imputed)	N	primary biliary cirrhosis	http://www.ebi.ac.uk/efo/EFO_1001486	GCST003129	Genome-wide genotyping array
2016-09-12	26394269	Cordell HJ	2015-09-22	Nat Commun	www.ncbi.nlm.nih.gov/pubmed/26394269	International genome-wide meta-analysis identifies new primary biliary cirrhosis risk loci and targetable pathogenic pathways.	Primary biliary cholangitis	2,764 European ancestry cases, 10,475 European ancestry controls	3,716 European ancestry cases,  4,261 European ancestry controls	1p31.3	1	67354511	IL12RB2, SERBP1	IL12RB2			ENSG00000081985			rs6679356-C	rs6679356	0	6679356	intron_variant	0	0.21	7E-28	27.154901959985743		1.52	NR	Illumina [1143634] (imputed)	N	primary biliary cirrhosis	http://www.ebi.ac.uk/efo/EFO_1001486	GCST003129	Genome-wide genotyping array
2016-09-12	26394269	Cordell HJ	2015-09-22	Nat Commun	www.ncbi.nlm.nih.gov/pubmed/26394269	International genome-wide meta-analysis identifies new primary biliary cirrhosis risk loci and targetable pathogenic pathways.	Primary biliary cholangitis	2,764 European ancestry cases, 10,475 European ancestry controls	3,716 European ancestry cases,  4,261 European ancestry controls	6p21.32	6	32689801	MHC	HLA-DQB1 - MTCO3P1	ENSG00000231286	ENSG00000237145		21418	16323	rs7774434-C	rs7774434	0	7774434	TF_binding_site_variant	1	0.47	2E-56	55.69897000433602		1.68	NR	Illumina [1143634] (imputed)	N	primary biliary cirrhosis	http://www.ebi.ac.uk/efo/EFO_1001486	GCST003129	Genome-wide genotyping array
2016-09-12	26394269	Cordell HJ	2015-09-22	Nat Commun	www.ncbi.nlm.nih.gov/pubmed/26394269	International genome-wide meta-analysis identifies new primary biliary cirrhosis risk loci and targetable pathogenic pathways.	Primary biliary cholangitis	2,764 European ancestry cases, 10,475 European ancestry controls	3,716 European ancestry cases,  4,261 European ancestry controls	6q23.3	6	137638098	LOC102723649, LOC442263, OLIG3, TNFAIP3	BTF3L4P3 - AL356234.2	ENSG00000213108	ENSG00000230533		93726	19900	rs6933404-C	rs6933404	0	6933404	intergenic_variant	1	NR	1E-10	10.0		1.18	[1.09-1.27]	Illumina [1143634] (imputed)	N	primary biliary cirrhosis	http://www.ebi.ac.uk/efo/EFO_1001486	GCST003129	Genome-wide genotyping array
2016-09-12	26394269	Cordell HJ	2015-09-22	Nat Commun	www.ncbi.nlm.nih.gov/pubmed/26394269	International genome-wide meta-analysis identifies new primary biliary cirrhosis risk loci and targetable pathogenic pathways.	Primary biliary cholangitis	2,764 European ancestry cases, 10,475 European ancestry controls	3,716 European ancestry cases,  4,261 European ancestry controls	2q12.1	2	102249813	IL1RL2, IL1R1, FAM183DP, IL1RL1, IL18R1, LOC100422339, IL18RAP, MIR4772	IL1RL2 - FAM183DP	ENSG00000115598	ENSG00000205716		9811	44	rs12712133-A	rs12712133	0	12712133	intergenic_variant	1	NR	5E-9	8.301029995663981		1.14	[1.07-1.21]	Illumina [1143634] (imputed)	N	primary biliary cirrhosis	http://www.ebi.ac.uk/efo/EFO_1001486	GCST003129	Genome-wide genotyping array
2016-09-12	26394269	Cordell HJ	2015-09-22	Nat Commun	www.ncbi.nlm.nih.gov/pubmed/26394269	International genome-wide meta-analysis identifies new primary biliary cirrhosis risk loci and targetable pathogenic pathways.	Primary biliary cholangitis	2,764 European ancestry cases, 10,475 European ancestry controls	3,716 European ancestry cases,  4,261 European ancestry controls	4p16.3	4	971991	GAK, TMEM175, DGKQ, SLC26A1a, IDUA, FGFRL1	DGKQ			ENSG00000145214			rs11724804-A	rs11724804	0	11724804	intron_variant	0	NR	9E-12	11.045757490560675		1.22	[1.12-1.33]	Illumina [1143634] (imputed)	N	primary biliary cirrhosis	http://www.ebi.ac.uk/efo/EFO_1001486	GCST003129	Genome-wide genotyping array
2017-07-10	28425483	Qiu F	2017-04-20	Nat Commun	www.ncbi.nlm.nih.gov/pubmed/28425483	A genome-wide association study identifies six novel risk loci for primary biliary cholangitis.	Primary biliary cholangitis	1,122 Han Chinese ancestry cases, 4,036 Han Chinese ancestry controls	907 Han Chinese ancestry cases, 2,127 Han Chinese ancestry controls	9q32	9	114867763	TNFSF15, TNFSF8	DELEC1			ENSG00000173077			rs4979467-A	rs4979467	0	4979467	intron_variant	0	0.322	1E-29	29.0		1.53	[1.42-1.64]	Illumina [776516]	N	primary biliary cirrhosis	http://www.ebi.ac.uk/efo/EFO_1001486	GCST004302	Genome-wide genotyping array
2017-07-10	28425483	Qiu F	2017-04-20	Nat Commun	www.ncbi.nlm.nih.gov/pubmed/28425483	A genome-wide association study identifies six novel risk loci for primary biliary cholangitis.	Primary biliary cholangitis	1,122 Han Chinese ancestry cases, 4,036 Han Chinese ancestry controls	907 Han Chinese ancestry cases, 2,127 Han Chinese ancestry controls	17q21.1	17	39863888	ORMDL3	IKZF3			ENSG00000161405			rs9635726-G	rs9635726	0	9635726	intron_variant	0	0.309	2E-16	15.698970004336019		1.37	[1.27-1.48]	Illumina [776516]	N	primary biliary cirrhosis	http://www.ebi.ac.uk/efo/EFO_1001486	GCST004302	Genome-wide genotyping array
2017-07-10	28425483	Qiu F	2017-04-20	Nat Commun	www.ncbi.nlm.nih.gov/pubmed/28425483	A genome-wide association study identifies six novel risk loci for primary biliary cholangitis.	Primary biliary cholangitis	1,122 Han Chinese ancestry cases, 4,036 Han Chinese ancestry controls	907 Han Chinese ancestry cases, 2,127 Han Chinese ancestry controls	11q23.3	11	118862915	DDX6, CXCR5	AP004609.1 - CXCR5	ENSG00000201535	ENSG00000160683		26804	20977	rs77871618-A	rs77871618	0	77871618	intergenic_variant	1	0.158	3E-13	12.522878745280337		1.4	[1.28-1.53]	Illumina [776516]	N	primary biliary cirrhosis	http://www.ebi.ac.uk/efo/EFO_1001486	GCST004302	Genome-wide genotyping array
2017-07-10	28425483	Qiu F	2017-04-20	Nat Commun	www.ncbi.nlm.nih.gov/pubmed/28425483	A genome-wide association study identifies six novel risk loci for primary biliary cholangitis.	Primary biliary cholangitis	1,122 Han Chinese ancestry cases, 4,036 Han Chinese ancestry controls	907 Han Chinese ancestry cases, 2,127 Han Chinese ancestry controls	3q13.33	3	119431242	CD80	TMEM39A			ENSG00000176142			rs3732421-?	rs3732421	0	3732421	3_prime_UTR_variant	0	0.66	3E-13	12.522878745280337		1.3513513	[1.25-1.47]	Illumina [776516]	N	primary biliary cirrhosis	http://www.ebi.ac.uk/efo/EFO_1001486	GCST004302	Genome-wide genotyping array
2017-07-10	28425483	Qiu F	2017-04-20	Nat Commun	www.ncbi.nlm.nih.gov/pubmed/28425483	A genome-wide association study identifies six novel risk loci for primary biliary cholangitis.	Primary biliary cholangitis	1,122 Han Chinese ancestry cases, 4,036 Han Chinese ancestry controls	907 Han Chinese ancestry cases, 2,127 Han Chinese ancestry controls	2q32.2	2	191071078	STAT1, STAT4	STAT4			ENSG00000138378			rs10168266-A	rs10168266	0	10168266	intron_variant	0	0.366	4E-13	12.397940008672037		1.31	[1.22-1.41]	Illumina [776516]	N	primary biliary cirrhosis	http://www.ebi.ac.uk/efo/EFO_1001486	GCST004302	Genome-wide genotyping array
2017-07-10	28425483	Qiu F	2017-04-20	Nat Commun	www.ncbi.nlm.nih.gov/pubmed/28425483	A genome-wide association study identifies six novel risk loci for primary biliary cholangitis.	Primary biliary cholangitis	1,122 Han Chinese ancestry cases, 4,036 Han Chinese ancestry controls	907 Han Chinese ancestry cases, 2,127 Han Chinese ancestry controls	3q25.33	3	159992311	IL12A	IL12A-AS1, IL12A			ENSG00000244040, ENSG00000168811			rs582537-?	rs582537	0	582537	intron_variant	0	0.7	2E-11	10.698970004336019		1.3333333	[1.22-1.45]	Illumina [776516]	N	primary biliary cirrhosis	http://www.ebi.ac.uk/efo/EFO_1001486	GCST004302	Genome-wide genotyping array
2017-07-10	28425483	Qiu F	2017-04-20	Nat Commun	www.ncbi.nlm.nih.gov/pubmed/28425483	A genome-wide association study identifies six novel risk loci for primary biliary cholangitis.	Primary biliary cholangitis	1,122 Han Chinese ancestry cases, 4,036 Han Chinese ancestry controls	907 Han Chinese ancestry cases, 2,127 Han Chinese ancestry controls	4q24	4	102524958	NFKB1	NFKB1			ENSG00000109320			rs1598856-G	rs1598856	0	1598856	intron_variant	0	0.474	2E-10	9.698970004336019		1.26	[1.17-1.35]	Illumina [776516]	N	primary biliary cirrhosis	http://www.ebi.ac.uk/efo/EFO_1001486	GCST004302	Genome-wide genotyping array
2017-07-10	28425483	Qiu F	2017-04-20	Nat Commun	www.ncbi.nlm.nih.gov/pubmed/28425483	A genome-wide association study identifies six novel risk loci for primary biliary cholangitis.	Primary biliary cholangitis	1,122 Han Chinese ancestry cases, 4,036 Han Chinese ancestry controls	907 Han Chinese ancestry cases, 2,127 Han Chinese ancestry controls	12p13.31	12	6339949	TNFRSF1A	TNFRSF1A			ENSG00000067182			rs4149576-A	rs4149576	0	4149576	intron_variant	0	0.113	4E-9	8.397940008672037		1.37	[1.23-1.52]	Illumina [776516]	N	primary biliary cirrhosis	http://www.ebi.ac.uk/efo/EFO_1001486	GCST004302	Genome-wide genotyping array
2017-07-10	28425483	Qiu F	2017-04-20	Nat Commun	www.ncbi.nlm.nih.gov/pubmed/28425483	A genome-wide association study identifies six novel risk loci for primary biliary cholangitis.	Primary biliary cholangitis	1,122 Han Chinese ancestry cases, 4,036 Han Chinese ancestry controls	907 Han Chinese ancestry cases, 2,127 Han Chinese ancestry controls	22q13.1	22	39298220	SYNGR1, RPL3	AL022326.1 - RPL3	ENSG00000224794	ENSG00000100316		2631	14662	rs137603-?	rs137603	0	137603	intergenic_variant	1	0.85	3E-8	7.522878745280337		1.37	[1.23-1.54]	Illumina [776516]	N	primary biliary cirrhosis	http://www.ebi.ac.uk/efo/EFO_1001486	GCST004302	Genome-wide genotyping array
2017-07-10	28425483	Qiu F	2017-04-20	Nat Commun	www.ncbi.nlm.nih.gov/pubmed/28425483	A genome-wide association study identifies six novel risk loci for primary biliary cholangitis.	Primary biliary cholangitis	1,122 Han Chinese ancestry cases, 4,036 Han Chinese ancestry controls	907 Han Chinese ancestry cases, 2,127 Han Chinese ancestry controls	6p25.2	6	3296763	SLC22A23	PSMG4, SLC22A23			ENSG00000180822, ENSG00000137266			rs4305775-?	rs4305775	0	4305775	intron_variant	0	0.714	2E-7	6.698970004336019		1.25	[1.14-1.35]	Illumina [776516]	N	primary biliary cirrhosis	http://www.ebi.ac.uk/efo/EFO_1001486	GCST004302	Genome-wide genotyping array
2017-07-10	28425483	Qiu F	2017-04-20	Nat Commun	www.ncbi.nlm.nih.gov/pubmed/28425483	A genome-wide association study identifies six novel risk loci for primary biliary cholangitis.	Primary biliary cholangitis	1,122 Han Chinese ancestry cases, 4,036 Han Chinese ancestry controls	907 Han Chinese ancestry cases, 2,127 Han Chinese ancestry controls	6q27	6	167108812	CCR6, FGFR10P	Z94721.2			ENSG00000272980			rs6456156-?	rs6456156	0	6456156	intron_variant	0	0.51	6E-7	6.221848749616356		1.2048193	[1.11-1.28]	Illumina [776516]	N	primary biliary cirrhosis	http://www.ebi.ac.uk/efo/EFO_1001486	GCST004302	Genome-wide genotyping array
2017-07-10	28425483	Qiu F	2017-04-20	Nat Commun	www.ncbi.nlm.nih.gov/pubmed/28425483	A genome-wide association study identifies six novel risk loci for primary biliary cholangitis.	Primary biliary cholangitis	1,122 Han Chinese ancestry cases, 4,036 Han Chinese ancestry controls	907 Han Chinese ancestry cases, 2,127 Han Chinese ancestry controls	4q34.1	4	174635665	GLRA3	AC096751.2 - GLRA3	ENSG00000251584	ENSG00000145451		94618	1255	rs6856421-A	rs6856421	0	6856421	intergenic_variant	1	0.257	2E-6	5.698970004336019		1.22	[1.11-1.30]	Illumina [776516]	N	primary biliary cirrhosis	http://www.ebi.ac.uk/efo/EFO_1001486	GCST004302	Genome-wide genotyping array
2017-07-10	28425483	Qiu F	2017-04-20	Nat Commun	www.ncbi.nlm.nih.gov/pubmed/28425483	A genome-wide association study identifies six novel risk loci for primary biliary cholangitis.	Primary biliary cholangitis	1,122 Han Chinese ancestry cases, 4,036 Han Chinese ancestry controls	907 Han Chinese ancestry cases, 2,127 Han Chinese ancestry controls	16p12.1	16	27402245	IL4R, IL21R	IL21R			ENSG00000103522			rs2189521-?	rs2189521	0	2189521	5_prime_UTR_variant	0	0.7	4E-16	15.397940008672037		1.4084507		Illumina [776516]	N	primary biliary cirrhosis	http://www.ebi.ac.uk/efo/EFO_1001486	GCST004302	Genome-wide genotyping array
2017-07-10	28425483	Qiu F	2017-04-20	Nat Commun	www.ncbi.nlm.nih.gov/pubmed/28425483	A genome-wide association study identifies six novel risk loci for primary biliary cholangitis.	Primary biliary cholangitis	1,122 Han Chinese ancestry cases, 4,036 Han Chinese ancestry controls	907 Han Chinese ancestry cases, 2,127 Han Chinese ancestry controls	2q33.2	2	203778471	CD28, CTLA4, ICOS	NPM1P33 - RNU6-474P	ENSG00000213925	ENSG00000206970		4969	3566	rs4675369-G	rs4675369	0	4675369	intergenic_variant	1	0.448	1E-13	13.0		1.31	[1.22–1.41]	Illumina [776516]	N	primary biliary cirrhosis	http://www.ebi.ac.uk/efo/EFO_1001486	GCST004302	Genome-wide genotyping array
2017-07-10	28425483	Qiu F	2017-04-20	Nat Commun	www.ncbi.nlm.nih.gov/pubmed/28425483	A genome-wide association study identifies six novel risk loci for primary biliary cholangitis.	Primary biliary cholangitis	1,122 Han Chinese ancestry cases, 4,036 Han Chinese ancestry controls	907 Han Chinese ancestry cases, 2,127 Han Chinese ancestry controls	4q27	4	122667371	IL21	IL21-AS1			ENSG00000227145			rs925550-A	rs925550	0	925550	intron_variant	0	0.370	4E-13	12.397940008672037		1.31	[1.21–1.40]	Illumina [776516]	N	primary biliary cirrhosis	http://www.ebi.ac.uk/efo/EFO_1001486	GCST004302	Genome-wide genotyping array
2017-07-10	28425483	Qiu F	2017-04-20	Nat Commun	www.ncbi.nlm.nih.gov/pubmed/28425483	A genome-wide association study identifies six novel risk loci for primary biliary cholangitis.	Primary biliary cholangitis	1,122 Han Chinese ancestry cases, 4,036 Han Chinese ancestry controls	907 Han Chinese ancestry cases, 2,127 Han Chinese ancestry controls	4q27	4	122628544	IL21	IL21-AS1			ENSG00000227145			rs17005934-G	rs17005934	0	17005934	intron_variant	0	0.352	1E-11	11.0		1.29	[1.21–1.39]	Illumina [776516]	N	primary biliary cirrhosis	http://www.ebi.ac.uk/efo/EFO_1001486	GCST004302	Genome-wide genotyping array
2017-07-10	28425483	Qiu F	2017-04-20	Nat Commun	www.ncbi.nlm.nih.gov/pubmed/28425483	A genome-wide association study identifies six novel risk loci for primary biliary cholangitis.	Primary biliary cholangitis	1,122 Han Chinese ancestry cases, 4,036 Han Chinese ancestry controls	907 Han Chinese ancestry cases, 2,127 Han Chinese ancestry controls	1p13.1	1	116561593	CD58	CD58			ENSG00000116815			rs2300747-A	rs2300747	0	2300747	intron_variant	0	0.416	2E-12	11.698970004336019		1.29	[1.20–1.39]	Illumina [776516]	N	primary biliary cirrhosis	http://www.ebi.ac.uk/efo/EFO_1001486	GCST004302	Genome-wide genotyping array
2017-07-10	28425483	Qiu F	2017-04-20	Nat Commun	www.ncbi.nlm.nih.gov/pubmed/28425483	A genome-wide association study identifies six novel risk loci for primary biliary cholangitis.	Primary biliary cholangitis	1,122 Han Chinese ancestry cases, 4,036 Han Chinese ancestry controls	907 Han Chinese ancestry cases, 2,127 Han Chinese ancestry controls	19p13.3	19	941603	ARID3A	ARID3A			ENSG00000116017			rs10415976-?	rs10415976	0	10415976	intron_variant	0	0.51	4E-12	11.397940008672037		1.2987013		Illumina [776516]	N	primary biliary cirrhosis	http://www.ebi.ac.uk/efo/EFO_1001486	GCST004302	Genome-wide genotyping array
2017-07-10	28425483	Qiu F	2017-04-20	Nat Commun	www.ncbi.nlm.nih.gov/pubmed/28425483	A genome-wide association study identifies six novel risk loci for primary biliary cholangitis.	Primary biliary cholangitis	1,122 Han Chinese ancestry cases, 4,036 Han Chinese ancestry controls	907 Han Chinese ancestry cases, 2,127 Han Chinese ancestry controls	15q25.1	15	81305928	IL16	IL16, AC103858.1			ENSG00000172349, ENSG00000271725			rs11556218-C	rs11556218	0	11556218	missense_variant	0	0.189	9E-9	8.045757490560675		1.29	[1.18–1.41]	Illumina [776516]	N	primary biliary cirrhosis	http://www.ebi.ac.uk/efo/EFO_1001486	GCST004302	Genome-wide genotyping array
2017-07-10	28425483	Qiu F	2017-04-20	Nat Commun	www.ncbi.nlm.nih.gov/pubmed/28425483	A genome-wide association study identifies six novel risk loci for primary biliary cholangitis.	Primary biliary cholangitis	1,122 Han Chinese ancestry cases, 4,036 Han Chinese ancestry controls	907 Han Chinese ancestry cases, 2,127 Han Chinese ancestry controls	16q21	16	58220544	CSNK2A2, CCDC113	AC009107.1 - CCDC113	ENSG00000260867	ENSG00000103021		2739	10613	rs2550374-?	rs2550374	0	2550374	intergenic_variant	1	0.51	2E-8	7.698970004336019		1.2345679		Illumina [776516]	N	primary biliary cirrhosis	http://www.ebi.ac.uk/efo/EFO_1001486	GCST004302	Genome-wide genotyping array
2017-06-08	28062665	Kawashima M	2017-01-05	Hum Mol Genet	www.ncbi.nlm.nih.gov/pubmed/28062665	Genome-wide association studies identify PRKCB as a novel genetic susceptibility locus for primary biliary cholangitis in the Japanese population.	Primary biliary cholangitis	1,381 Japanese ancestry cases, 1,505 Japanese ancestry controls	512 Japanese ancestry cases, 6,512 Japanese ancestry controls	3q13.33	3	119501087	C3orf1, CD80	TIMMDC1			ENSG00000113845			rs2293370-A	rs2293370	0	2293370	intron_variant	0	0.288577154308617	1E-6	6.0		1.3385916	[1.189-1.507]	Affymetrix [425290]	N	primary biliary cirrhosis	http://www.ebi.ac.uk/efo/EFO_1001486	GCST004145	Genome-wide genotyping array
2017-06-08	28062665	Kawashima M	2017-01-05	Hum Mol Genet	www.ncbi.nlm.nih.gov/pubmed/28062665	Genome-wide association studies identify PRKCB as a novel genetic susceptibility locus for primary biliary cholangitis in the Japanese population.	Primary biliary cholangitis	1,381 Japanese ancestry cases, 1,505 Japanese ancestry controls	512 Japanese ancestry cases, 6,512 Japanese ancestry controls	3q25.33	3	159945506	IL12A	IL12A-AS1			ENSG00000244040			rs644587-T	rs644587	0	644587	intron_variant	0	0.115768463073852	1E-6	6.0		1.5461389	[1.293-1.848]	Affymetrix [425290]	N	primary biliary cirrhosis	http://www.ebi.ac.uk/efo/EFO_1001486	GCST004145	Genome-wide genotyping array
2017-06-08	28062665	Kawashima M	2017-01-05	Hum Mol Genet	www.ncbi.nlm.nih.gov/pubmed/28062665	Genome-wide association studies identify PRKCB as a novel genetic susceptibility locus for primary biliary cholangitis in the Japanese population.	Primary biliary cholangitis	1,381 Japanese ancestry cases, 1,505 Japanese ancestry controls	512 Japanese ancestry cases, 6,512 Japanese ancestry controls	4q24	4	102527884	NFKB1	NFKB1			ENSG00000109320			rs230534-T	rs230534	0	230534	intron_variant	0	0.325249169435216	1E-7	7.0		1.3360554	[1.199-1.489]	Affymetrix [425290]	N	primary biliary cirrhosis	http://www.ebi.ac.uk/efo/EFO_1001486	GCST004145	Genome-wide genotyping array
2017-06-08	28062665	Kawashima M	2017-01-05	Hum Mol Genet	www.ncbi.nlm.nih.gov/pubmed/28062665	Genome-wide association studies identify PRKCB as a novel genetic susceptibility locus for primary biliary cholangitis in the Japanese population.	Primary biliary cholangitis	1,381 Japanese ancestry cases, 1,505 Japanese ancestry controls	512 Japanese ancestry cases, 6,512 Japanese ancestry controls	5p13.2	5	35874473	IL7R	IL7R			ENSG00000168685			rs6897932-T	rs6897932	0	6897932	missense_variant	0	0.195130086724483	6E-9	8.221848749616356		1.5187576	[1.319-1.749]	Affymetrix [425290]	N	primary biliary cirrhosis	http://www.ebi.ac.uk/efo/EFO_1001486	GCST004145	Genome-wide genotyping array
2017-06-08	28062665	Kawashima M	2017-01-05	Hum Mol Genet	www.ncbi.nlm.nih.gov/pubmed/28062665	Genome-wide association studies identify PRKCB as a novel genetic susceptibility locus for primary biliary cholangitis in the Japanese population.	Primary biliary cholangitis	1,381 Japanese ancestry cases, 1,505 Japanese ancestry controls	512 Japanese ancestry cases, 6,512 Japanese ancestry controls	9q32	9	114804733	TNFSF15	TNFSF15			ENSG00000181634			rs4979462-C	rs4979462	0	4979462	intron_variant	0	0.463	8E-19	18.096910013008056		1.6006049	[1.442-1.777]	Affymetrix [425290]	N	primary biliary cirrhosis	http://www.ebi.ac.uk/efo/EFO_1001486	GCST004145	Genome-wide genotyping array
2017-06-08	28062665	Kawashima M	2017-01-05	Hum Mol Genet	www.ncbi.nlm.nih.gov/pubmed/28062665	Genome-wide association studies identify PRKCB as a novel genetic susceptibility locus for primary biliary cholangitis in the Japanese population.	Primary biliary cholangitis	1,381 Japanese ancestry cases, 1,505 Japanese ancestry controls	512 Japanese ancestry cases, 6,512 Japanese ancestry controls	11q23.1	11	111404408	POU2AF1	POU2AF1			ENSG00000110777			rs4938534-A	rs4938534	0	4938534	intron_variant	0	0.447631754503002	1E-8	8.0		1.3504277	[1.217-1.498]	Affymetrix [425290]	N	primary biliary cirrhosis	http://www.ebi.ac.uk/efo/EFO_1001486	GCST004145	Genome-wide genotyping array
2017-06-08	28062665	Kawashima M	2017-01-05	Hum Mol Genet	www.ncbi.nlm.nih.gov/pubmed/28062665	Genome-wide association studies identify PRKCB as a novel genetic susceptibility locus for primary biliary cholangitis in the Japanese population.	Primary biliary cholangitis	1,381 Japanese ancestry cases, 1,505 Japanese ancestry controls	512 Japanese ancestry cases, 6,512 Japanese ancestry controls	17q21.1	17	39820216	IKZF3	IKZF3			ENSG00000161405			rs9303277-T	rs9303277	0	9303277	intron_variant	0	0.308489304812834	8E-11	10.096910013008056		1.4342519	[1.286-1.599]	Affymetrix [425290]	N	primary biliary cirrhosis	http://www.ebi.ac.uk/efo/EFO_1001486	GCST004145	Genome-wide genotyping array
2017-06-08	28062665	Kawashima M	2017-01-05	Hum Mol Genet	www.ncbi.nlm.nih.gov/pubmed/28062665	Genome-wide association studies identify PRKCB as a novel genetic susceptibility locus for primary biliary cholangitis in the Japanese population.	Primary biliary cholangitis	1,381 Japanese ancestry cases, 1,505 Japanese ancestry controls	512 Japanese ancestry cases, 6,512 Japanese ancestry controls	6p21.32	6	32442914	HLA-DRA, HLA-DRB1	HLA-DRA, HLA-DRA, HLA-DRA			ENSG00000206308, ENSG00000204287, ENSG00000227993			rs3129887-?	rs3129887	0	3129887	intron_variant	0	NR	2E-29	28.69897000433602		3.13	[2.54-3.85]	Affymetrix [425290]	N	primary biliary cirrhosis	http://www.ebi.ac.uk/efo/EFO_1001486	GCST004145	Genome-wide genotyping array
2017-06-08	28062665	Kawashima M	2017-01-05	Hum Mol Genet	www.ncbi.nlm.nih.gov/pubmed/28062665	Genome-wide association studies identify PRKCB as a novel genetic susceptibility locus for primary biliary cholangitis in the Japanese population.	Primary biliary cholangitis	1,381 Japanese ancestry cases, 1,505 Japanese ancestry controls	512 Japanese ancestry cases, 6,512 Japanese ancestry controls	16p12.2	16	23877519	PRKCB	PRKCB			ENSG00000166501			rs7404928-T	rs7404928	0	7404928	intron_variant	0	0.632	4E-9	8.397940008672037		1.26	[1.16-1.35]	Affymetrix [425290]	N	primary biliary cirrhosis	http://www.ebi.ac.uk/efo/EFO_1001486	GCST004145	Genome-wide genotyping array
2019-02-06	30643196	Hitomi Y	2019-01-14	Sci Rep	www.ncbi.nlm.nih.gov/pubmed/30643196	POGLUT1, the putative effector gene driven by rs2293370 in primary biliary cholangitis susceptibility locus chromosome 3q13.33.	Primary biliary cholangitis	1,855 Japanese ancestry cases, 1,719 Japanese ancestry controls	NA	3q13.33	3	119501087	TIMMDC1	TIMMDC1			ENSG00000113845			rs2293370-A	rs2293370	0	2293370	intron_variant	0	NR	6E-9	8.221848749616356		1.3736264		Affymetrix [NR] (imputed)	N	primary biliary cirrhosis	http://www.ebi.ac.uk/efo/EFO_1001486	GCST007036	Genome-wide genotyping array
2019-02-06	30643196	Hitomi Y	2019-01-14	Sci Rep	www.ncbi.nlm.nih.gov/pubmed/30643196	POGLUT1, the putative effector gene driven by rs2293370 in primary biliary cholangitis susceptibility locus chromosome 3q13.33.	Primary biliary cholangitis	1,855 Japanese ancestry cases, 1,719 Japanese ancestry controls	NA	4q24	4	102625147	NFKB1, MANBA	NFKB1 - MANBA	ENSG00000109320	ENSG00000109323		7845	5623	rs17033015-?	rs17033015	0	17033015	intergenic_variant	1	NR	9E-10	9.045757490560675		1.35		Affymetrix [NR] (imputed)	N	primary biliary cirrhosis	http://www.ebi.ac.uk/efo/EFO_1001486	GCST007036	Genome-wide genotyping array
2019-02-06	30643196	Hitomi Y	2019-01-14	Sci Rep	www.ncbi.nlm.nih.gov/pubmed/30643196	POGLUT1, the putative effector gene driven by rs2293370 in primary biliary cholangitis susceptibility locus chromosome 3q13.33.	Primary biliary cholangitis	1,855 Japanese ancestry cases, 1,719 Japanese ancestry controls	NA	5p13.2	5	35837132	IL7R, CAPSL	AC137810.1 - IL7R	ENSG00000248969	ENSG00000168685		10114	15563	rs12697352-?	rs12697352	0	12697352	regulatory_region_variant	1	NR	2E-9	8.698970004336019		1.4705882		Affymetrix [NR] (imputed)	N	primary biliary cirrhosis	http://www.ebi.ac.uk/efo/EFO_1001486	GCST007036	Genome-wide genotyping array
2019-02-06	30643196	Hitomi Y	2019-01-14	Sci Rep	www.ncbi.nlm.nih.gov/pubmed/30643196	POGLUT1, the putative effector gene driven by rs2293370 in primary biliary cholangitis susceptibility locus chromosome 3q13.33.	Primary biliary cholangitis	1,855 Japanese ancestry cases, 1,719 Japanese ancestry controls	NA	9q32	9	114804733	TNFSF15, TNFSF8	TNFSF15			ENSG00000181634			rs4979462-?	rs4979462	0	4979462	intron_variant	0	NR	2E-26	25.69897000433602		1.6666665		Affymetrix [NR] (imputed)	N	primary biliary cirrhosis	http://www.ebi.ac.uk/efo/EFO_1001486	GCST007036	Genome-wide genotyping array
2019-02-06	30643196	Hitomi Y	2019-01-14	Sci Rep	www.ncbi.nlm.nih.gov/pubmed/30643196	POGLUT1, the putative effector gene driven by rs2293370 in primary biliary cholangitis susceptibility locus chromosome 3q13.33.	Primary biliary cholangitis	1,855 Japanese ancestry cases, 1,719 Japanese ancestry controls	NA	17q21.1	17	39806734	ZPBP2, GSDMB, IKZF3	IKZF3			ENSG00000161405			rs4795395-?	rs4795395	0	4795395	intron_variant	0	NR	4E-12	11.397940008672037		1.42		Affymetrix [NR] (imputed)	N	primary biliary cirrhosis	http://www.ebi.ac.uk/efo/EFO_1001486	GCST007036	Genome-wide genotyping array
2019-05-08	30854688	Wang C	2019-03-10	Hepatology	www.ncbi.nlm.nih.gov/pubmed/30854688	Genome Wide Association Studies of Specific Antinuclear Autoantibody Sub-phenotypes in Primary Biliary Cholangitis.	Anti-sp100 seropositivity in primary biliary cholangitis	211 Han Chinese ancestry cases, 711 Han Chinese ancestry controls	234 Han Chinese ancestry cases, 1,018 Han Chinese ancestry controls	6p21.32	6	32699394	NR	HLA-DQB1 - MTCO3P1	ENSG00000231286	ENSG00000237145		31011	6730	rs1794280-T	rs1794280	0	1794280	intergenic_variant	1	0.181	6E-28	27.221848749616356		3.89	[3.05-4.96]	Illumina [794531]	N	primary biliary cirrhosis, antinuclear antibody measurement	http://www.ebi.ac.uk/efo/EFO_1001486, http://www.ebi.ac.uk/efo/EFO_0005949	GCST007737	Genome-wide genotyping array
2019-05-08	30854688	Wang C	2019-03-10	Hepatology	www.ncbi.nlm.nih.gov/pubmed/30854688	Genome Wide Association Studies of Specific Antinuclear Autoantibody Sub-phenotypes in Primary Biliary Cholangitis.	Anti-sp100 seropositivity in primary biliary cholangitis	211 Han Chinese ancestry cases, 711 Han Chinese ancestry controls	234 Han Chinese ancestry cases, 1,018 Han Chinese ancestry controls	6p21.33	6	31965741	NR	SKIV2L, SKIV2L, SKIV2L, SKIV2L, SKIV2L, SKIV2L			ENSG00000232616, ENSG00000228896, ENSG00000225737, ENSG00000204351, ENSG00000206353, ENSG00000223493			rs492899-G	rs492899	0	492899	intron_variant	0	0.193	3E-22	21.522878745280337		2.9	[2.34-3.66]	Illumina [794531]	N	primary biliary cirrhosis, antinuclear antibody measurement	http://www.ebi.ac.uk/efo/EFO_1001486, http://www.ebi.ac.uk/efo/EFO_0005949	GCST007737	Genome-wide genotyping array
2017-07-10	28425483	Qiu F	2017-04-20	Nat Commun	www.ncbi.nlm.nih.gov/pubmed/28425483	A genome-wide association study identifies six novel risk loci for primary biliary cholangitis.	Primary biliary cholangitis	1,122 Han Chinese ancestry cases, 4,036 Han Chinese ancestry controls	907 Han Chinese ancestry cases, 2,127 Han Chinese ancestry controls	6p21.32	6	32440267	HLA-DRA	HLA-DRA, HLA-DRA, HLA-DRA			ENSG00000206308, ENSG00000204287, ENSG00000227993			rs9268644-?	rs9268644	0	9268644	intron_variant	0	0.823	8E-31	30.096910013008056		1.9607843	[1.75-2.22]	Illumina [776516]	N	primary biliary cirrhosis	http://www.ebi.ac.uk/efo/EFO_1001486	GCST004302	Genome-wide genotyping array
2017-07-10	28425483	Qiu F	2017-04-20	Nat Commun	www.ncbi.nlm.nih.gov/pubmed/28425483	A genome-wide association study identifies six novel risk loci for primary biliary cholangitis.	Primary biliary cholangitis	1,122 Han Chinese ancestry cases, 4,036 Han Chinese ancestry controls	907 Han Chinese ancestry cases, 2,127 Han Chinese ancestry controls	6p21.32	6	33081886	HLA-DPB1	HLA-DPB1, HLA-DPB1, HLA-DPB1, HLA-DPB1, HLA-DPB1, HLA-DPB1			ENSG00000215048, ENSG00000237710, ENSG00000223865, ENSG00000229295, ENSG00000226826, ENSG00000230708			rs9501251-G	rs9501251	0	9501251	intron_variant	0	0.044	2E-22	21.69897000433602		2.01	[1.76-2.32]	Illumina [776516]	N	primary biliary cirrhosis	http://www.ebi.ac.uk/efo/EFO_1001486	GCST004302	Genome-wide genotyping array
